Gene Flank,Gene,Count
CNAG_05515L,CNAG_05515,414
CNAG_05641L,CNAG_05641,1
CNAG_05387L,CNAG_05387,657
CNAG_05590L,CNAG_05590,8
CNAG_07869L,CNAG_07869,3
CNAG_05638L,CNAG_05638,2
CNAG_05639L,CNAG_05639,1
CNAG_06347L,CNAG_06347,1
CNAG_06517L,CNAG_06517,3
CNAG_07939L,CNAG_07939,4
CNAG_06201L,CNAG_06201,2
CNAG_07902L,CNAG_07902,1
CNAG_06241L,CNAG_06241,60
CNAG_06242L,CNAG_06242,1
CNAG_07911L,CNAG_07911,1031
CNAG_01683L,CNAG_01683,823
CNAG_01983L,CNAG_01983,4
CNAG_01680L,CNAG_01680,2
CNAG_01621L,CNAG_01621,1
CNAG_01988L,CNAG_01988,1
CNAG_01989L,CNAG_01989,657
CNAG_01939L,CNAG_01939,2
CNAG_01993L,CNAG_01993,1
CNAG_01992L,CNAG_01992,1
CNAG_01965L,CNAG_01965,826
CNAG_01562L,CNAG_01562,1
CNAG_04756L,CNAG_04756,2
CNAG_04807L,CNAG_04807,1
CNAG_04837L,CNAG_04837,146
CNAG_04836L,CNAG_04836,298
CNAG_04737L,CNAG_04737,2
CNAG_04875L,CNAG_04875,27
CNAG_04874L,CNAG_04874,1
CNAG_04752L,CNAG_04752,1
CNAG_04753L,CNAG_04753,13
CNAG_04909L,CNAG_04909,1
CNAG_04908L,CNAG_04908,4
CNAG_04659L,CNAG_04659,1
CNAG_04623L,CNAG_04623,1
CNAG_04517L,CNAG_04517,446
CNAG_07770L,CNAG_07770,102
CNAG_04436L,CNAG_04436,3
CNAG_04271L,CNAG_04271,1
CNAG_04270L,CNAG_04270,1
CNAG_03346L,CNAG_03346,2
CNAG_03433L,CNAG_03433,2
CNAG_03333L,CNAG_03333,952
CNAG_07742L,CNAG_07742,5
CNAG_03142L,CNAG_03142,1
CNAG_03143L,CNAG_03143,1
CNAG_03545L,CNAG_03545,2
CNAG_03161L,CNAG_03161,1
CNAG_05835L,CNAG_05835,2
CNAG_05864L,CNAG_05864,1
CNAG_06567L,CNAG_06567,2
CNAG_05742L,CNAG_05742,1
CNAG_05867L,CNAG_05867,1
CNAG_05685L,CNAG_05685,9
CNAG_05684L,CNAG_05684,2
CNAG_05785L,CNAG_05785,3
CNAG_06554L,CNAG_06554,2
CNAG_02189L,CNAG_02189,1072
CNAG_02188L,CNAG_02188,3
CNAG_02182L,CNAG_02182,1
CNAG_07631L,CNAG_07631,1
CNAG_02371L,CNAG_02371,2
CNAG_01069L,CNAG_01069,1
CNAG_00896L,CNAG_00896,2
CNAG_06719L,CNAG_06719,1
CNAG_07332L,CNAG_07332,2
CNAG_00285L,CNAG_00285,383
CNAG_00828L,CNAG_00828,3
CNAG_00830L,CNAG_00830,2
CNAG_00841L,CNAG_00841,2
CNAG_06531L,CNAG_06531,2
CNAG_03279L,CNAG_03279,493
CNAG_03336L,CNAG_03336,2
CNAG_06339L,CNAG_06339,1
CNAG_03768L,CNAG_03768,509
CNAG_04534L,CNAG_04534,1
CNAG_07867L,CNAG_07867,1
CNAG_05333L,CNAG_05333,573
CNAG_03849L,CNAG_03849,1923
CNAG_02603L,CNAG_02603,2
CNAG_02555L,CNAG_02555,185
CNAG_05049L,CNAG_05049,1
CNAG_05380L,CNAG_05380,2
CNAG_07583L,CNAG_07583,3
CNAG_05112L,CNAG_05112,1
CNAG_03366L,CNAG_03366,794
CNAG_03977L,CNAG_03977,1
CNAG_04090L,CNAG_04090,3277
CNAG_00791L,CNAG_00791,1
CNAG_05375L,CNAG_05375,24
CNAG_02516L,CNAG_02516,1
CNAG_04804L,CNAG_04804,1
CNAG_00627L,CNAG_00627,1
CNAG_07725L,CNAG_07725,1
CNAG_06203L,CNAG_06203,3
CNAG_01883L,CNAG_01883,2
CNAG_03401L,CNAG_03401,5
CNAG_05153L,CNAG_05153,9
CNAG_03700L,CNAG_03700,1
CNAG_05215L,CNAG_05215,1
CNAG_01438L,CNAG_01438,2
CNAG_01858L,CNAG_01858,339
CNAG_04586L,CNAG_04586,1
CNAG_05176L,CNAG_05176,4
CNAG_01014L,CNAG_01014,3
CNAG_00998L,CNAG_00998,2
CNAG_00039L,CNAG_00039,4
CNAG_01454L,CNAG_01454,1
CNAG_06327L,CNAG_06327,1
CNAG_03788L,CNAG_03788,1
CNAG_00871L,CNAG_00871,3
CNAG_00559L,CNAG_00559,28
CNAG_07370L,CNAG_07370,1
CNAG_00732L,CNAG_00732,2
CNAG_04630L,CNAG_04630,2
CNAG_07940L,CNAG_07940,1
CNAG_02589L,CNAG_02589,1
CNAG_05067L,CNAG_05067,1
CNAG_01645L,CNAG_01645,4
CNAG_07924L,CNAG_07924,3
CNAG_01071L,CNAG_01071,287
CNAG_00883L,CNAG_00883,2
CNAG_03741L,CNAG_03741,1
CNAG_00670L,CNAG_00670,571
CNAG_06871L,CNAG_06871,4
CNAG_04457L,CNAG_04457,3
CNAG_02723L,CNAG_02723,3
CNAG_04588L,CNAG_04588,1
CNAG_01977L,CNAG_01977,2
CNAG_04012L,CNAG_04012,1
CNAG_05170L,CNAG_05170,2
CNAG_02364L,CNAG_02364,2
CNAG_04093L,CNAG_04093,94
CNAG_02322L,CNAG_02322,1
CNAG_07901L,CNAG_07901,3
CNAG_03086L,CNAG_03086,2
CNAG_03115L,CNAG_03115,2
CNAG_03132L,CNAG_03132,1
CNAG_04841L,CNAG_04841,3
CNAG_06136L,CNAG_06136,860
CNAG_03177L,CNAG_03177,1469
CNAG_03183L,CNAG_03183,428
CNAG_06188L,CNAG_06188,2
CNAG_02877L,CNAG_02877,2
CNAG_04359L,CNAG_04359,8
CNAG_04774L,CNAG_04774,1
CNAG_04768L,CNAG_04768,155
CNAG_02066L,CNAG_02066,1
CNAG_07922L,CNAG_07922,1
CNAG_06276L,CNAG_06276,268
CNAG_05622L,CNAG_05622,61
CNAG_07680L,CNAG_07680,366
CNAG_02215L,CNAG_02215,106
CNAG_02387L,CNAG_02387,151
CNAG_04086L,CNAG_04086,1085
CNAG_05697L,CNAG_05697,1
CNAG_05372L,CNAG_05372,1
CNAG_04507L,CNAG_04507,2
CNAG_04506L,CNAG_04506,2
CNAG_00068L,CNAG_00068,7115
CNAG_05138L,CNAG_05138,2
CNAG_00733L,CNAG_00733,2
CNAG_03910L,CNAG_03910,1
CNAG_04059L,CNAG_04059,3
CNAG_07491L,CNAG_07491,1024
CNAG_05181L,CNAG_05181,1
CNAG_03915L,CNAG_03915,3
CNAG_00445L,CNAG_00445,2
CNAG_01901L,CNAG_01901,1118
CNAG_05313L,CNAG_05313,20
CNAG_05312L,CNAG_05312,2
CNAG_03012L,CNAG_03012,1
CNAG_03011L,CNAG_03011,3
CNAG_06200L,CNAG_06200,2
CNAG_02683L,CNAG_02683,4
CNAG_00442L,CNAG_00442,384
CNAG_07548L,CNAG_07548,10
CNAG_01277L,CNAG_01277,760
CNAG_07512L,CNAG_07512,3
CNAG_01230L,CNAG_01230,2
CNAG_05263L,CNAG_05263,1
CNAG_01040L,CNAG_01040,5
CNAG_00179L,CNAG_00179,1
CNAG_00547L,CNAG_00547,804
CNAG_00598L,CNAG_00598,3
CNAG_05229L,CNAG_05229,2
CNAG_01138L,CNAG_01138,1
CNAG_00597L,CNAG_00597,2
CNAG_02797L,CNAG_02797,1
CNAG_02219L,CNAG_02219,731
CNAG_02220L,CNAG_02220,5
CNAG_03013L,CNAG_03013,1
CNAG_07540L,CNAG_07540,3
CNAG_04981L,CNAG_04981,1
CNAG_04980L,CNAG_04980,1
CNAG_00456L,CNAG_00456,1
CNAG_00455L,CNAG_00455,53
CNAG_02152L,CNAG_02152,2
CNAG_00107L,CNAG_00107,1
CNAG_00106L,CNAG_00106,8
CNAG_01061L,CNAG_01061,255
CNAG_03847L,CNAG_03847,4
CNAG_03848L,CNAG_03848,1
CNAG_01013L,CNAG_01013,1
CNAG_02777L,CNAG_02777,1
CNAG_07523L,CNAG_07523,1
CNAG_04990L,CNAG_04990,1
CNAG_04991L,CNAG_04991,1
CNAG_00531L,CNAG_00531,1
CNAG_05079L,CNAG_05079,3
CNAG_05080L,CNAG_05080,1
CNAG_04869L,CNAG_04869,1
CNAG_00164L,CNAG_00164,2
CNAG_04658L,CNAG_04658,1
CNAG_03676L,CNAG_03676,2
CNAG_03677L,CNAG_03677,409
CNAG_06761L,CNAG_06761,4
CNAG_06760L,CNAG_06760,1
CNAG_05077L,CNAG_05077,658
CNAG_02553L,CNAG_02553,2
CNAG_02554L,CNAG_02554,4
CNAG_00546L,CNAG_00546,7
CNAG_00702L,CNAG_00702,1
CNAG_00897L,CNAG_00897,4
CNAG_05148L,CNAG_05148,2
CNAG_05147L,CNAG_05147,1
CNAG_00776L,CNAG_00776,107
CNAG_01446L,CNAG_01446,1
CNAG_04024L,CNAG_04024,2
CNAG_04025L,CNAG_04025,458
CNAG_02348L,CNAG_02348,1
CNAG_00394L,CNAG_00394,2
CNAG_01803L,CNAG_01803,405
CNAG_00654L,CNAG_00654,1
CNAG_07541L,CNAG_07541,1
CNAG_07542L,CNAG_07542,553
CNAG_05915L,CNAG_05915,1
CNAG_05916L,CNAG_05916,2
CNAG_00917L,CNAG_00917,1370
CNAG_00919L,CNAG_00919,1
CNAG_05458L,CNAG_05458,970
CNAG_05459L,CNAG_05459,726
CNAG_00740L,CNAG_00740,1
CNAG_04755L,CNAG_04755,2
CNAG_01777L,CNAG_01777,2
CNAG_05889L,CNAG_05889,1
CNAG_05888L,CNAG_05888,3
CNAG_04217L,CNAG_04217,1
CNAG_03173L,CNAG_03173,2
CNAG_03172L,CNAG_03172,290
CNAG_07389L,CNAG_07389,290
CNAG_03644L,CNAG_03644,2
CNAG_06060L,CNAG_06060,636
CNAG_00581L,CNAG_00581,1
CNAG_02044L,CNAG_02044,1
CNAG_02045L,CNAG_02045,294
CNAG_04949L,CNAG_04949,3
CNAG_01865L,CNAG_01865,3
CNAG_04631L,CNAG_04631,2
CNAG_05812L,CNAG_05812,1
CNAG_00079L,CNAG_00079,2
CNAG_06657L,CNAG_06657,2
CNAG_06658L,CNAG_06658,1
CNAG_05993L,CNAG_05993,1
CNAG_05994L,CNAG_05994,1
CNAG_05430L,CNAG_05430,1
CNAG_02517L,CNAG_02517,1
CNAG_03328L,CNAG_03328,2
CNAG_04471L,CNAG_04471,2
CNAG_04472L,CNAG_04472,2
CNAG_01920L,CNAG_01920,2
CNAG_01919L,CNAG_01919,2
CNAG_00699L,CNAG_00699,2
CNAG_02129L,CNAG_02129,813
CNAG_07441L,CNAG_07441,2
CNAG_07442L,CNAG_07442,1
CNAG_05415L,CNAG_05415,1
CNAG_07313L,CNAG_07313,1
CNAG_00126L,CNAG_00126,6
CNAG_00710L,CNAG_00710,1
CNAG_00709L,CNAG_00709,1215
CNAG_04186L,CNAG_04186,3
CNAG_03689L,CNAG_03689,1
CNAG_04618L,CNAG_04618,2
CNAG_07827L,CNAG_07827,4
CNAG_00156L,CNAG_00156,2
CNAG_00157L,CNAG_00157,168
CNAG_04992L,CNAG_04992,1
CNAG_02090L,CNAG_02090,2
CNAG_01776L,CNAG_01776,1
CNAG_07605L,CNAG_07605,2
CNAG_02539L,CNAG_02539,1
CNAG_02540L,CNAG_02540,1
CNAG_01701L,CNAG_01701,2
CNAG_03572L,CNAG_03572,1
CNAG_00798L,CNAG_00798,5
CNAG_00799L,CNAG_00799,3
CNAG_04656L,CNAG_04656,1
CNAG_04657L,CNAG_04657,1
CNAG_04386L,CNAG_04386,1
CNAG_07847L,CNAG_07847,1
CNAG_02226L,CNAG_02226,2
CNAG_02225L,CNAG_02225,2
CNAG_01105L,CNAG_01105,675
CNAG_03733L,CNAG_03733,1361
CNAG_03732L,CNAG_03732,1
CNAG_03247L,CNAG_03247,2
CNAG_03193L,CNAG_03193,1
CNAG_03194L,CNAG_03194,1028
CNAG_01113L,CNAG_01113,2
CNAG_01112L,CNAG_01112,1
CNAG_07498L,CNAG_07498,1014
CNAG_03754L,CNAG_03754,2
CNAG_00475L,CNAG_00475,8095
CNAG_06502L,CNAG_06502,2
CNAG_00587L,CNAG_00587,417
CNAG_01062L,CNAG_01062,1
CNAG_05522L,CNAG_05522,787
CNAG_02830L,CNAG_02830,1
CNAG_04633L,CNAG_04633,1
CNAG_01930L,CNAG_01930,2
CNAG_04983L,CNAG_04983,3
CNAG_04982L,CNAG_04982,2
CNAG_03002L,CNAG_03002,201
CNAG_01448L,CNAG_01448,1
CNAG_02526L,CNAG_02526,2
CNAG_07685L,CNAG_07685,3
CNAG_02010L,CNAG_02010,13
CNAG_01642L,CNAG_01642,271
CNAG_05727L,CNAG_05727,1
CNAG_03857L,CNAG_03857,1
CNAG_01420L,CNAG_01420,2
CNAG_07519L,CNAG_07519,3
CNAG_00078L,CNAG_00078,2
CNAG_00777L,CNAG_00777,2
CNAG_01118L,CNAG_01118,2
CNAG_03867L,CNAG_03867,2
CNAG_03866L,CNAG_03866,765
CNAG_06594L,CNAG_06594,1
CNAG_00588L,CNAG_00588,2
CNAG_04594L,CNAG_04594,1
CNAG_06993L,CNAG_06993,2
CNAG_02588L,CNAG_02588,4
CNAG_06905L,CNAG_06905,2
CNAG_06904L,CNAG_06904,1
CNAG_03280L,CNAG_03280,2
CNAG_02288L,CNAG_02288,2
CNAG_07729L,CNAG_07729,9
CNAG_03408L,CNAG_03408,3
CNAG_01970L,CNAG_01970,1
CNAG_03526L,CNAG_03526,2
CNAG_05114L,CNAG_05114,1
CNAG_07752L,CNAG_07752,3
CNAG_04587L,CNAG_04587,1
CNAG_02691L,CNAG_02691,1
CNAG_02776L,CNAG_02776,1
CNAG_04885L,CNAG_04885,2
CNAG_06662L,CNAG_06662,5
CNAG_02165L,CNAG_02165,287
CNAG_06092L,CNAG_06092,1
CNAG_02684L,CNAG_02684,2
CNAG_02685L,CNAG_02685,2
CNAG_05940L,CNAG_05940,1
CNAG_07743L,CNAG_07743,3
CNAG_00765L,CNAG_00765,1
CNAG_00162L,CNAG_00162,3
CNAG_02930L,CNAG_02930,2
CNAG_01239L,CNAG_01239,2
CNAG_01574L,CNAG_01574,3
CNAG_01573L,CNAG_01573,1
CNAG_06220L,CNAG_06220,2
CNAG_00165L,CNAG_00165,2
CNAG_03178L,CNAG_03178,1
CNAG_03719L,CNAG_03719,1
CNAG_02041L,CNAG_02041,2
CNAG_06889L,CNAG_06889,725
CNAG_04141L,CNAG_04141,1324
CNAG_05686L,CNAG_05686,1
CNAG_00400L,CNAG_00400,321
CNAG_00399L,CNAG_00399,1
CNAG_04213L,CNAG_04213,359
CNAG_05914L,CNAG_05914,4
CNAG_04736L,CNAG_04736,2
CNAG_05392L,CNAG_05392,4
CNAG_05393L,CNAG_05393,2
CNAG_06541L,CNAG_06541,2
CNAG_05250L,CNAG_05250,216
CNAG_01773L,CNAG_01773,1
CNAG_01772L,CNAG_01772,1
CNAG_01577L,CNAG_01577,16
CNAG_01578L,CNAG_01578,242
CNAG_04963L,CNAG_04963,3
CNAG_04962L,CNAG_04962,562
CNAG_06835L,CNAG_06835,1
CNAG_06836L,CNAG_06836,4
CNAG_00879L,CNAG_00879,2
CNAG_07454L,CNAG_07454,2
CNAG_06389L,CNAG_06389,1
CNAG_05640L,CNAG_05640,5
CNAG_01558L,CNAG_01558,1344
CNAG_00903L,CNAG_00903,2
CNAG_06583L,CNAG_06583,1
CNAG_07745L,CNAG_07745,361
CNAG_03369L,CNAG_03369,1
CNAG_00130L,CNAG_00130,3068
CNAG_00758L,CNAG_00758,4
CNAG_03997L,CNAG_03997,2
CNAG_02822L,CNAG_02822,1
CNAG_02990L,CNAG_02990,1
CNAG_07711L,CNAG_07711,1
CNAG_04622L,CNAG_04622,2
CNAG_04449L,CNAG_04449,7
CNAG_03874L,CNAG_03874,2
CNAG_03873L,CNAG_03873,5
CNAG_07626L,CNAG_07626,1
CNAG_02475L,CNAG_02475,4
CNAG_04862L,CNAG_04862,1340
CNAG_02527L,CNAG_02527,447
CNAG_04632L,CNAG_04632,1
CNAG_00194L,CNAG_00194,2
CNAG_03498L,CNAG_03498,2
CNAG_03426L,CNAG_03426,3
CNAG_00077L,CNAG_00077,1
CNAG_02965L,CNAG_02965,3
CNAG_01041L,CNAG_01041,9
CNAG_04546L,CNAG_04546,1
CNAG_04523L,CNAG_04523,2
CNAG_04522L,CNAG_04522,3
CNAG_06576L,CNAG_06576,4
CNAG_03836L,CNAG_03836,1
CNAG_04140L,CNAG_04140,2
CNAG_04139L,CNAG_04139,1
CNAG_03400L,CNAG_03400,432
CNAG_02255L,CNAG_02255,1
CNAG_02254L,CNAG_02254,1
CNAG_05075L,CNAG_05075,3
CNAG_02550L,CNAG_02550,3
CNAG_01995L,CNAG_01995,1
CNAG_01994L,CNAG_01994,3
CNAG_06277L,CNAG_06277,1
CNAG_07697L,CNAG_07697,1
CNAG_06099L,CNAG_06099,1
CNAG_06278L,CNAG_06278,1
CNAG_03140L,CNAG_03140,1
CNAG_00011L,CNAG_00011,3
CNAG_05160L,CNAG_05160,1
CNAG_01229L,CNAG_01229,2
CNAG_04681L,CNAG_04681,3
CNAG_04655L,CNAG_04655,1
CNAG_05934L,CNAG_05934,3
CNAG_02264L,CNAG_02264,4
CNAG_00189L,CNAG_00189,2
CNAG_00188L,CNAG_00188,4
CNAG_00864L,CNAG_00864,4
CNAG_07457L,CNAG_07457,1
CNAG_05119L,CNAG_05119,1
CNAG_00407L,CNAG_00407,1
CNAG_05813L,CNAG_05813,3
CNAG_06310L,CNAG_06310,4
CNAG_04953L,CNAG_04953,3
CNAG_06578L,CNAG_06578,2
CNAG_04104L,CNAG_04104,5
CNAG_04103L,CNAG_04103,3
CNAG_00796L,CNAG_00796,1
CNAG_03382L,CNAG_03382,12
CNAG_03383L,CNAG_03383,1
CNAG_01742L,CNAG_01742,1
CNAG_01743L,CNAG_01743,1
CNAG_05452L,CNAG_05452,7
CNAG_05453L,CNAG_05453,2
CNAG_05053L,CNAG_05053,3
CNAG_01753L,CNAG_01753,1
CNAG_01604L,CNAG_01604,2
CNAG_01605L,CNAG_01605,1
CNAG_04505L,CNAG_04505,2
CNAG_00302L,CNAG_00302,1
CNAG_04415L,CNAG_04415,3
CNAG_04416L,CNAG_04416,2
CNAG_00540L,CNAG_00540,2
CNAG_04028L,CNAG_04028,5
CNAG_02298L,CNAG_02298,1
CNAG_02297L,CNAG_02297,2
CNAG_07368L,CNAG_07368,1
CNAG_00594L,CNAG_00594,6
CNAG_05316L,CNAG_05316,4
CNAG_00236L,CNAG_00236,1
CNAG_00235L,CNAG_00235,1
CNAG_01982L,CNAG_01982,2
CNAG_06453L,CNAG_06453,1
CNAG_03019L,CNAG_03019,3
CNAG_00276L,CNAG_00276,1
CNAG_00275L,CNAG_00275,1
CNAG_00865L,CNAG_00865,5
CNAG_01713L,CNAG_01713,1
CNAG_04688L,CNAG_04688,1
CNAG_06323L,CNAG_06323,4
CNAG_01686L,CNAG_01686,1
CNAG_00923L,CNAG_00923,2
CNAG_02338L,CNAG_02338,8
CNAG_06336L,CNAG_06336,1
CNAG_03543L,CNAG_03543,1
CNAG_02118L,CNAG_02118,1
CNAG_01283L,CNAG_01283,3
CNAG_06298L,CNAG_06298,2
CNAG_02983L,CNAG_02983,2
CNAG_00832L,CNAG_00832,1
CNAG_04876L,CNAG_04876,2
CNAG_04877L,CNAG_04877,1
CNAG_07779L,CNAG_07779,1
CNAG_04945L,CNAG_04945,3
CNAG_04944L,CNAG_04944,1
CNAG_07941L,CNAG_07941,2
CNAG_07641L,CNAG_07641,1
CNAG_03113L,CNAG_03113,2
CNAG_04137L,CNAG_04137,2
CNAG_05632L,CNAG_05632,2
CNAG_02030L,CNAG_02030,2
CNAG_07830L,CNAG_07830,1
CNAG_05324L,CNAG_05324,2
CNAG_04323L,CNAG_04323,2
CNAG_04324L,CNAG_04324,1
CNAG_03384L,CNAG_03384,4
CNAG_03385L,CNAG_03385,1
CNAG_06752L,CNAG_06752,1
CNAG_01052L,CNAG_01052,3
CNAG_03355L,CNAG_03355,5
CNAG_04634L,CNAG_04634,1
CNAG_04520L,CNAG_04520,1
CNAG_03667L,CNAG_03667,1
CNAG_03668L,CNAG_03668,3
CNAG_07402L,CNAG_07402,3
CNAG_00701L,CNAG_00701,2
CNAG_02335L,CNAG_02335,9
CNAG_04846L,CNAG_04846,2
CNAG_02049L,CNAG_02049,2
CNAG_04903L,CNAG_04903,4
CNAG_06214L,CNAG_06214,2
CNAG_07915L,CNAG_07915,1
CNAG_00005L,CNAG_00005,4
CNAG_02882L,CNAG_02882,2
CNAG_00306L,CNAG_00306,3
CNAG_00794L,CNAG_00794,1
CNAG_03883L,CNAG_03883,5
CNAG_00359L,CNAG_00359,2
CNAG_03117L,CNAG_03117,3
CNAG_06431L,CNAG_06431,3
CNAG_02455L,CNAG_02455,2
CNAG_03479L,CNAG_03479,6
CNAG_02323L,CNAG_02323,3
CNAG_00748L,CNAG_00748,3
CNAG_02089L,CNAG_02089,2
CNAG_07874L,CNAG_07874,2
CNAG_05381L,CNAG_05381,2
CNAG_06616L,CNAG_06616,1
CNAG_06291L,CNAG_06291,2
CNAG_02790L,CNAG_02790,1
CNAG_01257L,CNAG_01257,2
CNAG_02047L,CNAG_02047,1
CNAG_02048L,CNAG_02048,3
CNAG_00735L,CNAG_00735,2
CNAG_03617L,CNAG_03617,1
CNAG_06381L,CNAG_06381,2
CNAG_03829L,CNAG_03829,1
CNAG_02395L,CNAG_02395,1
CNAG_00862L,CNAG_00862,1
CNAG_00861L,CNAG_00861,3
CNAG_00315L,CNAG_00315,1
CNAG_00679L,CNAG_00679,1
CNAG_05221L,CNAG_05221,2
CNAG_02959L,CNAG_02959,1
CNAG_02958L,CNAG_02958,1
CNAG_06017L,CNAG_06017,1
CNAG_06016L,CNAG_06016,4
CNAG_03454L,CNAG_03454,4
CNAG_02321L,CNAG_02321,1
CNAG_06109L,CNAG_06109,2
CNAG_06668L,CNAG_06668,1
CNAG_06669L,CNAG_06669,1
CNAG_00124L,CNAG_00124,1
CNAG_01588L,CNAG_01588,1
CNAG_07710L,CNAG_07710,3
CNAG_03096L,CNAG_03096,3
CNAG_06623L,CNAG_06623,2
CNAG_04781L,CNAG_04781,4
CNAG_04782L,CNAG_04782,2
CNAG_01341L,CNAG_01341,3
CNAG_06204L,CNAG_06204,2
CNAG_04935L,CNAG_04935,1
CNAG_07799L,CNAG_07799,2
CNAG_00653L,CNAG_00653,2
CNAG_00652L,CNAG_00652,2
CNAG_03858L,CNAG_03858,3
CNAG_03734L,CNAG_03734,3
CNAG_03735L,CNAG_03735,2
CNAG_05412L,CNAG_05412,1
CNAG_05411L,CNAG_05411,1
CNAG_02910L,CNAG_02910,2
CNAG_01080L,CNAG_01080,3
CNAG_01079L,CNAG_01079,2
CNAG_00303L,CNAG_00303,1
CNAG_04625L,CNAG_04625,1
CNAG_04626L,CNAG_04626,1
CNAG_05979L,CNAG_05979,1
CNAG_02463L,CNAG_02463,1
CNAG_01275L,CNAG_01275,1
CNAG_04185L,CNAG_04185,1
CNAG_03060L,CNAG_03060,2
CNAG_07802L,CNAG_07802,1
CNAG_00038L,CNAG_00038,2
CNAG_05443L,CNAG_05443,2
CNAG_05444L,CNAG_05444,2
CNAG_06267L,CNAG_06267,2
CNAG_01603L,CNAG_01603,1
CNAG_02143L,CNAG_02143,1
CNAG_02141L,CNAG_02141,2
CNAG_05003L,CNAG_05003,3
CNAG_02093L,CNAG_02093,2
CNAG_00347L,CNAG_00347,2
CNAG_01076L,CNAG_01076,4
CNAG_01075L,CNAG_01075,1
CNAG_01314L,CNAG_01314,1
CNAG_00413L,CNAG_00413,1
CNAG_00414L,CNAG_00414,2
CNAG_02088L,CNAG_02088,2
CNAG_03565L,CNAG_03565,1
CNAG_01653L,CNAG_01653,2
CNAG_03485L,CNAG_03485,4
CNAG_03907L,CNAG_03907,1
CNAG_03046L,CNAG_03046,4
CNAG_02852L,CNAG_02852,5
CNAG_00984L,CNAG_00984,1
CNAG_00985L,CNAG_00985,1
CNAG_00024L,CNAG_00024,1
CNAG_02701L,CNAG_02701,3
CNAG_03587L,CNAG_03587,2
CNAG_05301L,CNAG_05301,4
CNAG_05302L,CNAG_05302,1
CNAG_05155L,CNAG_05155,17
CNAG_04230L,CNAG_04230,3
CNAG_03492L,CNAG_03492,2
CNAG_06932L,CNAG_06932,3
CNAG_06931L,CNAG_06931,1
CNAG_07751L,CNAG_07751,6
CNAG_00688L,CNAG_00688,1
CNAG_06235L,CNAG_06235,2
CNAG_04321L,CNAG_04321,1
CNAG_04320L,CNAG_04320,1
CNAG_04621L,CNAG_04621,1
CNAG_05154L,CNAG_05154,5
CNAG_07188L,CNAG_07188,2
CNAG_07693L,CNAG_07693,1
CNAG_06924L,CNAG_06924,2
CNAG_06925L,CNAG_06925,3
CNAG_03494L,CNAG_03494,2
CNAG_03495L,CNAG_03495,1
CNAG_07736L,CNAG_07736,2
CNAG_06777L,CNAG_06777,1
CNAG_04829L,CNAG_04829,2
CNAG_04828L,CNAG_04828,1
CNAG_02896L,CNAG_02896,1
CNAG_07702L,CNAG_07702,2
CNAG_01936L,CNAG_01936,3
CNAG_03295L,CNAG_03295,2
CNAG_01375L,CNAG_01375,1
CNAG_04758L,CNAG_04758,1
CNAG_01073L,CNAG_01073,1
CNAG_01072L,CNAG_01072,2
CNAG_05451L,CNAG_05451,1
CNAG_05350L,CNAG_05350,4
CNAG_04497L,CNAG_04497,1
CNAG_02986L,CNAG_02986,2
CNAG_04704L,CNAG_04704,1
CNAG_07330L,CNAG_07330,3
CNAG_07699L,CNAG_07699,1
CNAG_05009L,CNAG_05009,3
CNAG_02414L,CNAG_02414,4
CNAG_02415L,CNAG_02415,2
CNAG_07339L,CNAG_07339,1
CNAG_07338L,CNAG_07338,1
CNAG_04107L,CNAG_04107,1
CNAG_07448L,CNAG_07448,1
CNAG_07436L,CNAG_07436,1
CNAG_02123L,CNAG_02123,3
CNAG_05329L,CNAG_05329,1
CNAG_05265L,CNAG_05265,2
CNAG_02581L,CNAG_02581,1
CNAG_02580L,CNAG_02580,2
CNAG_06499L,CNAG_06499,5
CNAG_00269L,CNAG_00269,2
CNAG_06758L,CNAG_06758,1
CNAG_03320L,CNAG_03320,1
CNAG_01353L,CNAG_01353,1
CNAG_02814L,CNAG_02814,3
CNAG_06433L,CNAG_06433,2
CNAG_05293L,CNAG_05293,7
CNAG_03145L,CNAG_03145,1
CNAG_00866L,CNAG_00866,2
CNAG_07124L,CNAG_07124,2
CNAG_03856L,CNAG_03856,2
CNAG_06918L,CNAG_06918,2
CNAG_07525L,CNAG_07525,1
CNAG_02705L,CNAG_02705,1
CNAG_07784L,CNAG_07784,2
CNAG_00191L,CNAG_00191,2
CNAG_02217L,CNAG_02217,3
CNAG_02552L,CNAG_02552,3
CNAG_07856L,CNAG_07856,4
CNAG_01553L,CNAG_01553,3
CNAG_01010L,CNAG_01010,2
CNAG_01796L,CNAG_01796,1
CNAG_01795L,CNAG_01795,3
CNAG_06913L,CNAG_06913,1
CNAG_03248L,CNAG_03248,5
CNAG_00247L,CNAG_00247,2
CNAG_07845L,CNAG_07845,4
CNAG_04816L,CNAG_04816,1
CNAG_03606L,CNAG_03606,2
CNAG_04842L,CNAG_04842,1
CNAG_03940L,CNAG_03940,2
CNAG_00482L,CNAG_00482,2
CNAG_00139L,CNAG_00139,1
CNAG_02063L,CNAG_02063,3
CNAG_01576L,CNAG_01576,1
CNAG_07489L,CNAG_07489,3
CNAG_04792L,CNAG_04792,2
CNAG_05820L,CNAG_05820,1
CNAG_00141L,CNAG_00141,3
CNAG_05667L,CNAG_05667,2
CNAG_05668L,CNAG_05668,1
CNAG_03308L,CNAG_03308,1
CNAG_07404L,CNAG_07404,3
CNAG_01610L,CNAG_01610,1
CNAG_01611L,CNAG_01611,3
CNAG_02800L,CNAG_02800,2
CNAG_00091L,CNAG_00091,2
CNAG_04142L,CNAG_04142,673
CNAG_03463L,CNAG_03463,2
CNAG_03461L,CNAG_03461,125
CNAG_01916L,CNAG_01916,390
CNAG_05550L,CNAG_05550,2
CNAG_05652L,CNAG_05652,570
CNAG_05653L,CNAG_05653,6
CNAG_04861L,CNAG_04861,3
CNAG_05658L,CNAG_05658,286
CNAG_05657L,CNAG_05657,2
CNAG_06638L,CNAG_06638,3
CNAG_03266L,CNAG_03266,1
CNAG_02299L,CNAG_02299,1
CNAG_05310L,CNAG_05310,1179
CNAG_05309L,CNAG_05309,749
CNAG_06628L,CNAG_06628,1
CNAG_05695L,CNAG_05695,2
CNAG_06614L,CNAG_06614,1
CNAG_04408L,CNAG_04408,3
CNAG_00462L,CNAG_00462,1
CNAG_06800L,CNAG_06800,1
CNAG_01949L,CNAG_01949,473
CNAG_06693L,CNAG_06693,2126
CNAG_01947L,CNAG_01947,3
CNAG_02179L,CNAG_02179,1
CNAG_05726L,CNAG_05726,2
CNAG_04159L,CNAG_04159,1
CNAG_04741L,CNAG_04741,1
CNAG_05012L,CNAG_05012,3
CNAG_05595L,CNAG_05595,2
CNAG_06207L,CNAG_06207,2
CNAG_03564L,CNAG_03564,1
CNAG_00115L,CNAG_00115,305
CNAG_01539L,CNAG_01539,2
CNAG_04373L,CNAG_04373,1
CNAG_02060L,CNAG_02060,3
CNAG_07108L,CNAG_07108,3
CNAG_00675L,CNAG_00675,1
CNAG_02600L,CNAG_02600,325
CNAG_02599L,CNAG_02599,1
CNAG_05731L,CNAG_05731,5
CNAG_05732L,CNAG_05732,1
CNAG_00015L,CNAG_00015,2
CNAG_02964L,CNAG_02964,1
CNAG_01175L,CNAG_01175,2
CNAG_01174L,CNAG_01174,398
CNAG_07401L,CNAG_07401,1
CNAG_00503L,CNAG_00503,3
CNAG_03764L,CNAG_03764,1
CNAG_02751L,CNAG_02751,1
CNAG_01690L,CNAG_01690,2
CNAG_01689L,CNAG_01689,956
CNAG_05973L,CNAG_05973,1
CNAG_04974L,CNAG_04974,2
CNAG_02389L,CNAG_02389,3
CNAG_06812L,CNAG_06812,9
CNAG_01184L,CNAG_01184,2
CNAG_01183L,CNAG_01183,1
CNAG_04397L,CNAG_04397,1
CNAG_04398L,CNAG_04398,2
CNAG_07701L,CNAG_07701,1
CNAG_03397L,CNAG_03397,445
CNAG_00052L,CNAG_00052,1
CNAG_00051L,CNAG_00051,6
CNAG_06929L,CNAG_06929,730
CNAG_03937L,CNAG_03937,2
CNAG_03936L,CNAG_03936,1
CNAG_02132L,CNAG_02132,1
CNAG_06344L,CNAG_06344,2
CNAG_06343L,CNAG_06343,1
CNAG_00474L,CNAG_00474,1
CNAG_07348L,CNAG_07348,3
CNAG_07347L,CNAG_07347,2
CNAG_05178L,CNAG_05178,632
CNAG_05177L,CNAG_05177,1
CNAG_02472L,CNAG_02472,2
CNAG_02471L,CNAG_02471,250
CNAG_04853L,CNAG_04853,1
CNAG_00129L,CNAG_00129,2
CNAG_03101L,CNAG_03101,1
CNAG_06233L,CNAG_06233,664
CNAG_06232L,CNAG_06232,3
CNAG_02942L,CNAG_02942,581
CNAG_00797L,CNAG_00797,2
CNAG_02848L,CNAG_02848,1
CNAG_01575L,CNAG_01575,1
CNAG_05998L,CNAG_05998,1
CNAG_01476L,CNAG_01476,1
CNAG_01475L,CNAG_01475,1
CNAG_07908L,CNAG_07908,336
CNAG_07909L,CNAG_07909,378
CNAG_03765L,CNAG_03765,2
CNAG_06863L,CNAG_06863,2
CNAG_03562L,CNAG_03562,2
CNAG_03199L,CNAG_03199,2
CNAG_00260L,CNAG_00260,1
CNAG_00261L,CNAG_00261,2
CNAG_05304L,CNAG_05304,1
CNAG_05303L,CNAG_05303,1125
CNAG_06000L,CNAG_06000,3
CNAG_01921L,CNAG_01921,2
CNAG_03169L,CNAG_03169,1
CNAG_00678L,CNAG_00678,242
CNAG_04223L,CNAG_04223,2
CNAG_04224L,CNAG_04224,3
CNAG_03631L,CNAG_03631,2
CNAG_06266L,CNAG_06266,1
CNAG_02400L,CNAG_02400,1
CNAG_00485L,CNAG_00485,2
CNAG_00566L,CNAG_00566,2
CNAG_00922L,CNAG_00922,1
CNAG_00921L,CNAG_00921,2
CNAG_04343L,CNAG_04343,1
CNAG_07547L,CNAG_07547,1
CNAG_00826L,CNAG_00826,2
CNAG_00827L,CNAG_00827,2
CNAG_00637L,CNAG_00637,2
CNAG_05115L,CNAG_05115,2
CNAG_03912L,CNAG_03912,2
CNAG_03911L,CNAG_03911,5
CNAG_02081L,CNAG_02081,1
CNAG_01702L,CNAG_01702,1
CNAG_04108L,CNAG_04108,2
CNAG_03683L,CNAG_03683,1
CNAG_00746L,CNAG_00746,2
CNAG_04469L,CNAG_04469,1
CNAG_07937L,CNAG_07937,1
CNAG_04122L,CNAG_04122,2
CNAG_01594L,CNAG_01594,2
CNAG_07538L,CNAG_07538,1
CNAG_05591L,CNAG_05591,2
CNAG_04514L,CNAG_04514,1
CNAG_03854L,CNAG_03854,7
CNAG_06644L,CNAG_06644,3
CNAG_06645L,CNAG_06645,724
CNAG_04887L,CNAG_04887,2
CNAG_04888L,CNAG_04888,1
CNAG_07629L,CNAG_07629,1098
CNAG_03713L,CNAG_03713,441
CNAG_06977L,CNAG_06977,537
CNAG_06978L,CNAG_06978,3
CNAG_02655L,CNAG_02655,1
CNAG_03110L,CNAG_03110,2
CNAG_03512L,CNAG_03512,3
CNAG_03007L,CNAG_03007,3
CNAG_00840L,CNAG_00840,1
CNAG_00839L,CNAG_00839,1
CNAG_06102L,CNAG_06102,1
CNAG_03364L,CNAG_03364,1
CNAG_03365L,CNAG_03365,1
CNAG_07317L,CNAG_07317,13
CNAG_07773L,CNAG_07773,3
CNAG_07772L,CNAG_07772,1
CNAG_04308L,CNAG_04308,1
CNAG_04307L,CNAG_04307,6990
CNAG_02365L,CNAG_02365,2
CNAG_04504L,CNAG_04504,2
CNAG_04582L,CNAG_04582,2
CNAG_06408L,CNAG_06408,1
CNAG_01953L,CNAG_01953,3
CNAG_04566L,CNAG_04566,1
CNAG_05540L,CNAG_05540,4
CNAG_00373L,CNAG_00373,778
CNAG_05520L,CNAG_05520,3
CNAG_03304L,CNAG_03304,604
CNAG_06439L,CNAG_06439,1
CNAG_03838L,CNAG_03838,1
CNAG_06890L,CNAG_06890,1
CNAG_07591L,CNAG_07591,1
CNAG_03447L,CNAG_03447,8
CNAG_01044L,CNAG_01044,2
CNAG_07599L,CNAG_07599,2
CNAG_06193L,CNAG_06193,1
CNAG_03213L,CNAG_03213,2
CNAG_02008L,CNAG_02008,9
CNAG_02007L,CNAG_02007,1
CNAG_07533L,CNAG_07533,1
CNAG_07642L,CNAG_07642,2
CNAG_05345L,CNAG_05345,1
CNAG_05346L,CNAG_05346,2
CNAG_07659L,CNAG_07659,2
CNAG_02549L,CNAG_02549,1
CNAG_02548L,CNAG_02548,2
CNAG_04085L,CNAG_04085,1
CNAG_06602L,CNAG_06602,2
CNAG_03434L,CNAG_03434,1
CNAG_06589L,CNAG_06589,93
CNAG_06590L,CNAG_06590,1
CNAG_04848L,CNAG_04848,1
CNAG_04849L,CNAG_04849,2
CNAG_04635L,CNAG_04635,4
CNAG_00929L,CNAG_00929,2
CNAG_00966L,CNAG_00966,1
CNAG_07832L,CNAG_07832,2
CNAG_00691L,CNAG_00691,2
CNAG_02478L,CNAG_02478,1
CNAG_07881L,CNAG_07881,1866
CNAG_04717L,CNAG_04717,1
CNAG_06967L,CNAG_06967,1
CNAG_03782L,CNAG_03782,5
CNAG_03783L,CNAG_03783,1
CNAG_00975L,CNAG_00975,1
CNAG_01671L,CNAG_01671,1
CNAG_01672L,CNAG_01672,2
CNAG_02470L,CNAG_02470,2
CNAG_00532L,CNAG_00532,3
CNAG_07864L,CNAG_07864,1
CNAG_06727L,CNAG_06727,1539
CNAG_01043L,CNAG_01043,1
CNAG_01042L,CNAG_01042,2
CNAG_03844L,CNAG_03844,814
CNAG_06922L,CNAG_06922,4
CNAG_03952L,CNAG_03952,323
CNAG_05760L,CNAG_05760,4
CNAG_02935L,CNAG_02935,1
CNAG_06653L,CNAG_06653,3
CNAG_05082L,CNAG_05082,1161
CNAG_05081L,CNAG_05081,1
CNAG_07674L,CNAG_07674,2
CNAG_05737L,CNAG_05737,2
CNAG_02230L,CNAG_02230,456
CNAG_05674L,CNAG_05674,1
CNAG_03746L,CNAG_03746,2
CNAG_05321L,CNAG_05321,2
CNAG_03516L,CNAG_03516,3
CNAG_04022L,CNAG_04022,3
CNAG_00682L,CNAG_00682,11
CNAG_03756L,CNAG_03756,2
CNAG_02730L,CNAG_02730,6
CNAG_07524L,CNAG_07524,1
CNAG_01155L,CNAG_01155,1
CNAG_02718L,CNAG_02718,2
CNAG_02122L,CNAG_02122,1
CNAG_06498L,CNAG_06498,6
CNAG_06497L,CNAG_06497,1
CNAG_00028L,CNAG_00028,3
CNAG_00029L,CNAG_00029,1
CNAG_05424L,CNAG_05424,1
CNAG_05423L,CNAG_05423,2
CNAG_03268L,CNAG_03268,1
CNAG_02427L,CNAG_02427,3
CNAG_06632L,CNAG_06632,1
CNAG_04617L,CNAG_04617,3
CNAG_01526L,CNAG_01526,1
CNAG_07638L,CNAG_07638,1
CNAG_04951L,CNAG_04951,2
CNAG_05343L,CNAG_05343,1
CNAG_04689L,CNAG_04689,2
CNAG_06141L,CNAG_06141,1
CNAG_06348L,CNAG_06348,3
CNAG_01768L,CNAG_01768,1
CNAG_01494L,CNAG_01494,1
CNAG_01004L,CNAG_01004,3
CNAG_04696L,CNAG_04696,2
CNAG_07032L,CNAG_07032,1
CNAG_05614L,CNAG_05614,841
CNAG_01027L,CNAG_01027,387
CNAG_01026L,CNAG_01026,346
CNAG_01529L,CNAG_01529,902
CNAG_05677L,CNAG_05677,1
CNAG_02386L,CNAG_02386,3
CNAG_02587L,CNAG_02587,5
CNAG_02586L,CNAG_02586,4
CNAG_05262L,CNAG_05262,3
CNAG_01481L,CNAG_01481,3
CNAG_02381L,CNAG_02381,1
CNAG_03504L,CNAG_03504,1
CNAG_03503L,CNAG_03503,707
CNAG_05931L,CNAG_05931,1
CNAG_05930L,CNAG_05930,4338
CNAG_02707L,CNAG_02707,2
CNAG_02708L,CNAG_02708,2
CNAG_06561L,CNAG_06561,1
CNAG_07765L,CNAG_07765,1
CNAG_01735L,CNAG_01735,1
CNAG_01946L,CNAG_01946,3
CNAG_01945L,CNAG_01945,1
CNAG_02716L,CNAG_02716,2
CNAG_04777L,CNAG_04777,4
CNAG_01478L,CNAG_01478,3
CNAG_05842L,CNAG_05842,6
CNAG_05841L,CNAG_05841,1
CNAG_03326L,CNAG_03326,1
CNAG_03327L,CNAG_03327,1
CNAG_06031L,CNAG_06031,1
CNAG_06030L,CNAG_06030,2
CNAG_03204L,CNAG_03204,2
CNAG_01964L,CNAG_01964,561
CNAG_00708L,CNAG_00708,1
CNAG_01272L,CNAG_01272,1
CNAG_05032L,CNAG_05032,1
CNAG_05031L,CNAG_05031,1
CNAG_07798L,CNAG_07798,1
CNAG_01180L,CNAG_01180,3
CNAG_04151L,CNAG_04151,4
CNAG_04152L,CNAG_04152,1
CNAG_03482L,CNAG_03482,2
CNAG_03250L,CNAG_03250,1271
CNAG_02529L,CNAG_02529,1
CNAG_02528L,CNAG_02528,2
CNAG_04040L,CNAG_04040,1
CNAG_01759L,CNAG_01759,5
CNAG_01758L,CNAG_01758,2
CNAG_03128L,CNAG_03128,1
CNAG_06245L,CNAG_06245,3
CNAG_01077L,CNAG_01077,2
CNAG_02885L,CNAG_02885,1
CNAG_04597L,CNAG_04597,3
CNAG_02204L,CNAG_02204,1
CNAG_02203L,CNAG_02203,2
CNAG_03322L,CNAG_03322,1
CNAG_03323L,CNAG_03323,1
CNAG_04346L,CNAG_04346,3
CNAG_04345L,CNAG_04345,2
CNAG_06689L,CNAG_06689,566
CNAG_06690L,CNAG_06690,2
CNAG_05921L,CNAG_05921,3
CNAG_00133L,CNAG_00133,2
CNAG_01723L,CNAG_01723,1
CNAG_06289L,CNAG_06289,1
CNAG_06290L,CNAG_06290,2
CNAG_02305L,CNAG_02305,1
CNAG_02306L,CNAG_02306,1
CNAG_06573L,CNAG_06573,1
CNAG_00054L,CNAG_00054,1
CNAG_04677L,CNAG_04677,65
CNAG_04611L,CNAG_04611,3
CNAG_06529L,CNAG_06529,3
CNAG_06530L,CNAG_06530,1
CNAG_07589L,CNAG_07589,2
CNAG_00726L,CNAG_00726,949
CNAG_04208L,CNAG_04208,4
CNAG_03155L,CNAG_03155,6
CNAG_03154L,CNAG_03154,3
CNAG_06916L,CNAG_06916,1283
CNAG_01489L,CNAG_01489,2
CNAG_07883L,CNAG_07883,3
CNAG_04456L,CNAG_04456,2
CNAG_07358L,CNAG_07358,1
CNAG_01864L,CNAG_01864,1
CNAG_00869L,CNAG_00869,1627
CNAG_04348L,CNAG_04348,221
CNAG_03777L,CNAG_03777,3
CNAG_07076L,CNAG_07076,2
CNAG_04200L,CNAG_04200,1
CNAG_04201L,CNAG_04201,2
CNAG_02489L,CNAG_02489,1
CNAG_02488L,CNAG_02488,2
CNAG_03951L,CNAG_03951,1
CNAG_07923L,CNAG_07923,572
CNAG_05074L,CNAG_05074,1
CNAG_04306L,CNAG_04306,1
CNAG_02388L,CNAG_02388,2
CNAG_05277L,CNAG_05277,2
CNAG_00453L,CNAG_00453,3
CNAG_04794L,CNAG_04794,2
CNAG_04793L,CNAG_04793,1021
CNAG_03437L,CNAG_03437,172
CNAG_01279L,CNAG_01279,2
CNAG_04938L,CNAG_04938,1
CNAG_02578L,CNAG_02578,577
CNAG_02579L,CNAG_02579,640
CNAG_06396L,CNAG_06396,1123
CNAG_01065L,CNAG_01065,1
CNAG_07443L,CNAG_07443,2
CNAG_04639L,CNAG_04639,2
CNAG_05675L,CNAG_05675,2
CNAG_01502L,CNAG_01502,2
CNAG_01501L,CNAG_01501,1
CNAG_07840L,CNAG_07840,1
CNAG_04911L,CNAG_04911,1
CNAG_05768L,CNAG_05768,1
CNAG_02009L,CNAG_02009,2
CNAG_02214L,CNAG_02214,1
CNAG_01806L,CNAG_01806,1
CNAG_04585L,CNAG_04585,2
CNAG_04740L,CNAG_04740,1
CNAG_04146L,CNAG_04146,2
CNAG_07759L,CNAG_07759,5
CNAG_00662L,CNAG_00662,2
CNAG_00663L,CNAG_00663,1
CNAG_04467L,CNAG_04467,3
CNAG_04468L,CNAG_04468,2
CNAG_01499L,CNAG_01499,586
CNAG_04847L,CNAG_04847,1
CNAG_06373L,CNAG_06373,3
CNAG_06374L,CNAG_06374,1
CNAG_07331L,CNAG_07331,3
CNAG_07668L,CNAG_07668,1
CNAG_06868L,CNAG_06868,1
CNAG_06867L,CNAG_06867,2
CNAG_02494L,CNAG_02494,4
CNAG_00907L,CNAG_00907,1
CNAG_03203L,CNAG_03203,2
CNAG_03202L,CNAG_03202,2
CNAG_03806L,CNAG_03806,3
CNAG_00834L,CNAG_00834,1
CNAG_06003L,CNAG_06003,4
CNAG_06560L,CNAG_06560,1
CNAG_06559L,CNAG_06559,133
CNAG_05299L,CNAG_05299,2
CNAG_04455L,CNAG_04455,3
CNAG_04454L,CNAG_04454,2
CNAG_02872L,CNAG_02872,1
CNAG_01882L,CNAG_01882,3
CNAG_00097L,CNAG_00097,3
CNAG_00161L,CNAG_00161,3
CNAG_04255L,CNAG_04255,2
CNAG_00750L,CNAG_00750,1
CNAG_05861L,CNAG_05861,3
CNAG_00284L,CNAG_00284,4
CNAG_06335L,CNAG_06335,2
CNAG_03864L,CNAG_03864,1
CNAG_03865L,CNAG_03865,1
CNAG_00480L,CNAG_00480,501
CNAG_03464L,CNAG_03464,3
CNAG_04095L,CNAG_04095,1
CNAG_04094L,CNAG_04094,5
CNAG_02570L,CNAG_02570,1
CNAG_03558L,CNAG_03558,1
CNAG_04723L,CNAG_04723,1
CNAG_01490L,CNAG_01490,3
CNAG_07728L,CNAG_07728,2
CNAG_05637L,CNAG_05637,1
CNAG_03813L,CNAG_03813,1
CNAG_06827L,CNAG_06827,3
CNAG_05886L,CNAG_05886,1
CNAG_05784L,CNAG_05784,1
CNAG_06617L,CNAG_06617,1
CNAG_07663L,CNAG_07663,3
CNAG_04325L,CNAG_04325,1
CNAG_03824L,CNAG_03824,4
CNAG_00433L,CNAG_00433,1
CNAG_01761L,CNAG_01761,1
CNAG_00563L,CNAG_00563,1
CNAG_02899L,CNAG_02899,2
CNAG_01278L,CNAG_01278,3573
CNAG_03928L,CNAG_03928,2
CNAG_01090L,CNAG_01090,1
CNAG_06239L,CNAG_06239,3
CNAG_02893L,CNAG_02893,1
CNAG_05660L,CNAG_05660,1
CNAG_02969L,CNAG_02969,2
CNAG_02968L,CNAG_02968,2
CNAG_04474L,CNAG_04474,3
CNAG_02591L,CNAG_02591,2
CNAG_05601L,CNAG_05601,1
CNAG_05600L,CNAG_05600,2
CNAG_01835L,CNAG_01835,2
CNAG_01836L,CNAG_01836,502
CNAG_07481L,CNAG_07481,4
CNAG_00885L,CNAG_00885,2
CNAG_00369L,CNAG_00369,1
CNAG_07434L,CNAG_07434,1
CNAG_06666L,CNAG_06666,813
CNAG_01905L,CNAG_01905,2
CNAG_02802L,CNAG_02802,2
CNAG_05778L,CNAG_05778,2
CNAG_05575L,CNAG_05575,1
CNAG_01670L,CNAG_01670,3
CNAG_04773L,CNAG_04773,1
CNAG_05583L,CNAG_05583,1
CNAG_02473L,CNAG_02473,2
CNAG_01261L,CNAG_01261,1
CNAG_00639L,CNAG_00639,2
CNAG_07556L,CNAG_07556,3
CNAG_03555L,CNAG_03555,611
CNAG_00415L,CNAG_00415,4
CNAG_03069L,CNAG_03069,2
CNAG_03068L,CNAG_03068,2
CNAG_02595L,CNAG_02595,1135
CNAG_02125L,CNAG_02125,2
CNAG_05280L,CNAG_05280,1
CNAG_03807L,CNAG_03807,1
CNAG_05598L,CNAG_05598,7
CNAG_05599L,CNAG_05599,2
CNAG_06263L,CNAG_06263,2
CNAG_01954L,CNAG_01954,1
CNAG_01814L,CNAG_01814,1
CNAG_06122L,CNAG_06122,3
CNAG_03982L,CNAG_03982,3
CNAG_05130L,CNAG_05130,1
CNAG_06009L,CNAG_06009,1
CNAG_04886L,CNAG_04886,501
CNAG_02480L,CNAG_02480,4
CNAG_04535L,CNAG_04535,3
CNAG_05260L,CNAG_05260,2
CNAG_06680L,CNAG_06680,1
CNAG_06681L,CNAG_06681,2
CNAG_02080L,CNAG_02080,1
CNAG_06011L,CNAG_06011,1
CNAG_06934L,CNAG_06934,2
CNAG_01678L,CNAG_01678,3
CNAG_04047L,CNAG_04047,3
CNAG_06984L,CNAG_06984,2
CNAG_01087L,CNAG_01087,2
CNAG_07887L,CNAG_07887,1
CNAG_06028L,CNAG_06028,2
CNAG_06029L,CNAG_06029,358
CNAG_05017L,CNAG_05017,4
CNAG_03960L,CNAG_03960,2
CNAG_00898L,CNAG_00898,1
CNAG_06591L,CNAG_06591,3
CNAG_02752L,CNAG_02752,1
CNAG_02503L,CNAG_02503,3
CNAG_04832L,CNAG_04832,3
CNAG_02779L,CNAG_02779,1
CNAG_02780L,CNAG_02780,1
CNAG_04168L,CNAG_04168,14
CNAG_04167L,CNAG_04167,1
CNAG_00150L,CNAG_00150,1
CNAG_06249L,CNAG_06249,602
CNAG_06250L,CNAG_06250,1
CNAG_00782L,CNAG_00782,2
CNAG_04029L,CNAG_04029,4
CNAG_03666L,CNAG_03666,3
CNAG_04989L,CNAG_04989,176
CNAG_01824L,CNAG_01824,1
CNAG_01823L,CNAG_01823,2
CNAG_05432L,CNAG_05432,2
CNAG_06606L,CNAG_06606,2
CNAG_06052L,CNAG_06052,1
CNAG_06100L,CNAG_06100,2
CNAG_00887L,CNAG_00887,2
CNAG_03388L,CNAG_03388,1
CNAG_03389L,CNAG_03389,2
CNAG_05630L,CNAG_05630,2
CNAG_01891L,CNAG_01891,1
CNAG_00770L,CNAG_00770,1
CNAG_00417L,CNAG_00417,1377
CNAG_05700L,CNAG_05700,811
CNAG_07308L,CNAG_07308,1
CNAG_07361L,CNAG_07361,3
CNAG_03347L,CNAG_03347,4
CNAG_00263L,CNAG_00263,2
CNAG_01760L,CNAG_01760,3
CNAG_05099L,CNAG_05099,5
CNAG_01538L,CNAG_01538,1
CNAG_05337L,CNAG_05337,2
CNAG_05336L,CNAG_05336,4
CNAG_03725L,CNAG_03725,1
CNAG_05278L,CNAG_05278,3
CNAG_05279L,CNAG_05279,343
CNAG_06521L,CNAG_06521,661
CNAG_03822L,CNAG_03822,2
CNAG_05803L,CNAG_05803,2
CNAG_05992L,CNAG_05992,4
CNAG_07912L,CNAG_07912,1
CNAG_06162L,CNAG_06162,2
CNAG_05057L,CNAG_05057,1
CNAG_05064L,CNAG_05064,1
CNAG_02676L,CNAG_02676,1
CNAG_04927L,CNAG_04927,4
CNAG_04926L,CNAG_04926,1
CNAG_00806L,CNAG_00806,605
CNAG_07594L,CNAG_07594,2
CNAG_01619L,CNAG_01619,770
CNAG_00714L,CNAG_00714,19
CNAG_05046L,CNAG_05046,1
CNAG_02900L,CNAG_02900,208
CNAG_01030L,CNAG_01030,2
CNAG_01421L,CNAG_01421,5
CNAG_01171L,CNAG_01171,4
CNAG_00870L,CNAG_00870,3
CNAG_04350L,CNAG_04350,2
CNAG_06962L,CNAG_06962,2
CNAG_05815L,CNAG_05815,2
CNAG_04110L,CNAG_04110,4
CNAG_04109L,CNAG_04109,18
CNAG_01874L,CNAG_01874,845
CNAG_07430L,CNAG_07430,2
CNAG_03570L,CNAG_03570,2
CNAG_06673L,CNAG_06673,5
CNAG_05654L,CNAG_05654,2
CNAG_01602L,CNAG_01602,2
CNAG_01860L,CNAG_01860,1
CNAG_03729L,CNAG_03729,1
CNAG_00048L,CNAG_00048,2
CNAG_00049L,CNAG_00049,2
CNAG_00083L,CNAG_00083,1
CNAG_07897L,CNAG_07897,1793
CNAG_04322L,CNAG_04322,9
CNAG_00444L,CNAG_00444,2
CNAG_02841L,CNAG_02841,1
CNAG_05809L,CNAG_05809,10
CNAG_00914L,CNAG_00914,1
CNAG_00915L,CNAG_00915,1
CNAG_02864L,CNAG_02864,2
CNAG_01651L,CNAG_01651,2
CNAG_04498L,CNAG_04498,3
CNAG_04650L,CNAG_04650,1
CNAG_02862L,CNAG_02862,1
CNAG_02863L,CNAG_02863,680
CNAG_05692L,CNAG_05692,299
CNAG_00241L,CNAG_00241,2
CNAG_04724L,CNAG_04724,972
CNAG_06637L,CNAG_06637,1
CNAG_06832L,CNAG_06832,1
CNAG_06722L,CNAG_06722,773
CNAG_01725L,CNAG_01725,1
CNAG_00544L,CNAG_00544,4
CNAG_03673L,CNAG_03673,328
CNAG_02349L,CNAG_02349,1
CNAG_02104L,CNAG_02104,1
CNAG_06536L,CNAG_06536,4
CNAG_02434L,CNAG_02434,78
CNAG_03135L,CNAG_03135,2
CNAG_03134L,CNAG_03134,3
CNAG_06166L,CNAG_06166,2
CNAG_05377L,CNAG_05377,1
CNAG_03313L,CNAG_03313,3
CNAG_06546L,CNAG_06546,1387
CNAG_02869L,CNAG_02869,2
CNAG_07364L,CNAG_07364,335
CNAG_00495L,CNAG_00495,2
CNAG_06161L,CNAG_06161,1149
CNAG_06160L,CNAG_06160,1
CNAG_05892L,CNAG_05892,2
CNAG_05893L,CNAG_05893,1
CNAG_05344L,CNAG_05344,615
CNAG_04399L,CNAG_04399,9
CNAG_01029L,CNAG_01029,3
CNAG_01028L,CNAG_01028,3
CNAG_03217L,CNAG_03217,5834
CNAG_04697L,CNAG_04697,1
CNAG_00384L,CNAG_00384,2
CNAG_03965L,CNAG_03965,2
CNAG_06313L,CNAG_06313,4
CNAG_03769L,CNAG_03769,1
CNAG_06671L,CNAG_06671,2
CNAG_02354L,CNAG_02354,1322
CNAG_04392L,CNAG_04392,3
CNAG_05715L,CNAG_05715,3
CNAG_02768L,CNAG_02768,1
CNAG_07842L,CNAG_07842,1456
CNAG_03236L,CNAG_03236,2
CNAG_04808L,CNAG_04808,1
CNAG_03452L,CNAG_03452,2
CNAG_00460L,CNAG_00460,1
CNAG_05253L,CNAG_05253,2
CNAG_07838L,CNAG_07838,11
CNAG_01322L,CNAG_01322,1
CNAG_07650L,CNAG_07650,26
CNAG_04150L,CNAG_04150,1
CNAG_05461L,CNAG_05461,4
CNAG_05460L,CNAG_05460,3
CNAG_03621L,CNAG_03621,4
CNAG_03658L,CNAG_03658,1
CNAG_05508L,CNAG_05508,3
CNAG_07862L,CNAG_07862,1
CNAG_06985L,CNAG_06985,1
CNAG_06437L,CNAG_06437,78
CNAG_02845L,CNAG_02845,1
CNAG_01951L,CNAG_01951,4
CNAG_05134L,CNAG_05134,1
CNAG_03827L,CNAG_03827,2
CNAG_07903L,CNAG_07903,4
CNAG_04237L,CNAG_04237,1
CNAG_05198L,CNAG_05198,1
CNAG_01400L,CNAG_01400,2
CNAG_01399L,CNAG_01399,1
CNAG_05477L,CNAG_05477,1
CNAG_04258L,CNAG_04258,2
CNAG_06147L,CNAG_06147,1
CNAG_01856L,CNAG_01856,1
CNAG_06544L,CNAG_06544,1
CNAG_02771L,CNAG_02771,2
CNAG_01331L,CNAG_01331,4
CNAG_01111L,CNAG_01111,2
CNAG_01169L,CNAG_01169,1
CNAG_06831L,CNAG_06831,1
CNAG_01084L,CNAG_01084,2
CNAG_07341L,CNAG_07341,461
CNAG_00279L,CNAG_00279,2
CNAG_00278L,CNAG_00278,2
CNAG_03048L,CNAG_03048,3
CNAG_01638L,CNAG_01638,3
CNAG_07322L,CNAG_07322,1
CNAG_07005L,CNAG_07005,2
CNAG_03451L,CNAG_03451,1
CNAG_00647L,CNAG_00647,1
CNAG_03138L,CNAG_03138,1
CNAG_06371L,CNAG_06371,3
CNAG_06372L,CNAG_06372,2
CNAG_00176L,CNAG_00176,3
CNAG_00177L,CNAG_00177,1
CNAG_03316L,CNAG_03316,2
CNAG_00355L,CNAG_00355,1
CNAG_01712L,CNAG_01712,206
CNAG_05334L,CNAG_05334,596
CNAG_03090L,CNAG_03090,1
CNAG_02674L,CNAG_02674,1
CNAG_04760L,CNAG_04760,1
CNAG_03406L,CNAG_03406,1
CNAG_03405L,CNAG_03405,3
CNAG_06145L,CNAG_06145,1
CNAG_06144L,CNAG_06144,1
CNAG_03487L,CNAG_03487,1
CNAG_03486L,CNAG_03486,2
CNAG_05824L,CNAG_05824,2
CNAG_05236L,CNAG_05236,5
CNAG_02542L,CNAG_02542,3
CNAG_04602L,CNAG_04602,1
CNAG_05192L,CNAG_05192,2
CNAG_01718L,CNAG_01718,1
CNAG_02735L,CNAG_02735,2
CNAG_03206L,CNAG_03206,3
CNAG_02181L,CNAG_02181,4
CNAG_01207L,CNAG_01207,3
CNAG_04565L,CNAG_04565,2
CNAG_07011L,CNAG_07011,2
CNAG_04627L,CNAG_04627,1
CNAG_01414L,CNAG_01414,36
CNAG_02224L,CNAG_02224,5
CNAG_07566L,CNAG_07566,1
CNAG_07412L,CNAG_07412,1
CNAG_01452L,CNAG_01452,10
CNAG_06247L,CNAG_06247,3
CNAG_07810L,CNAG_07810,1
CNAG_04956L,CNAG_04956,1
CNAG_04955L,CNAG_04955,2
CNAG_01417L,CNAG_01417,4
CNAG_05376L,CNAG_05376,1
CNAG_06068L,CNAG_06068,1
CNAG_06295L,CNAG_06295,6
CNAG_06294L,CNAG_06294,1
CNAG_01258L,CNAG_01258,6
CNAG_00501L,CNAG_00501,3
CNAG_00502L,CNAG_00502,1
CNAG_01362L,CNAG_01362,35
CNAG_05533L,CNAG_05533,2
CNAG_00064L,CNAG_00064,2
CNAG_04064L,CNAG_04064,1
CNAG_04068L,CNAG_04068,2
CNAG_06490L,CNAG_06490,1
CNAG_03546L,CNAG_03546,8
CNAG_03039L,CNAG_03039,1
CNAG_01541L,CNAG_01541,1
CNAG_02046L,CNAG_02046,1
CNAG_06221L,CNAG_06221,63
CNAG_02392L,CNAG_02392,1
CNAG_06837L,CNAG_06837,1
CNAG_01855L,CNAG_01855,6
CNAG_02173L,CNAG_02173,1
CNAG_06403L,CNAG_06403,1
CNAG_00605L,CNAG_00605,1
CNAG_05723L,CNAG_05723,2
CNAG_05724L,CNAG_05724,1
CNAG_06649L,CNAG_06649,5
CNAG_00404L,CNAG_00404,2
CNAG_07677L,CNAG_07677,1
CNAG_02001L,CNAG_02001,4
CNAG_00149L,CNAG_00149,1
CNAG_00756L,CNAG_00756,473
CNAG_06484L,CNAG_06484,1
CNAG_00568L,CNAG_00568,2
CNAG_03517L,CNAG_03517,1
CNAG_06469L,CNAG_06469,1
CNAG_06470L,CNAG_06470,2
CNAG_06706L,CNAG_06706,1
CNAG_07921L,CNAG_07921,1
CNAG_06260L,CNAG_06260,2025
CNAG_02890L,CNAG_02890,13
CNAG_02823L,CNAG_02823,1
CNAG_04859L,CNAG_04859,41
CNAG_04858L,CNAG_04858,1406
CNAG_00378L,CNAG_00378,1215
CNAG_05308L,CNAG_05308,2
CNAG_02148L,CNAG_02148,1
CNAG_02147L,CNAG_02147,3
CNAG_00995L,CNAG_00995,4
CNAG_07622L,CNAG_07622,3
CNAG_07311L,CNAG_07311,1
CNAG_06332L,CNAG_06332,1
CNAG_04825L,CNAG_04825,1
CNAG_03125L,CNAG_03125,2
CNAG_02284L,CNAG_02284,2
CNAG_02285L,CNAG_02285,2
CNAG_00889L,CNAG_00889,2
CNAG_01017L,CNAG_01017,450
CNAG_07319L,CNAG_07319,2
CNAG_07479L,CNAG_07479,3
CNAG_01491L,CNAG_01491,1
CNAG_01492L,CNAG_01492,1
CNAG_06656L,CNAG_06656,2
CNAG_07816L,CNAG_07816,3
CNAG_05142L,CNAG_05142,1
CNAG_04620L,CNAG_04620,1
CNAG_00584L,CNAG_00584,1
CNAG_06440L,CNAG_06440,2
CNAG_05698L,CNAG_05698,2
CNAG_05699L,CNAG_05699,1463
CNAG_03000L,CNAG_03000,43
CNAG_06076L,CNAG_06076,1
CNAG_00761L,CNAG_00761,1
CNAG_02421L,CNAG_02421,601
CNAG_05086L,CNAG_05086,1
CNAG_06969L,CNAG_06969,2
CNAG_06285L,CNAG_06285,686
CNAG_06286L,CNAG_06286,800
CNAG_04228L,CNAG_04228,531
CNAG_04227L,CNAG_04227,2
CNAG_07344L,CNAG_07344,4
CNAG_00280L,CNAG_00280,1
CNAG_04021L,CNAG_04021,5
CNAG_00604L,CNAG_00604,1
CNAG_07609L,CNAG_07609,2
CNAG_07608L,CNAG_07608,1
CNAG_05402L,CNAG_05402,1
CNAG_00013L,CNAG_00013,4
CNAG_05690L,CNAG_05690,3
CNAG_04158L,CNAG_04158,2
CNAG_02085L,CNAG_02085,228
CNAG_05469L,CNAG_05469,122
CNAG_02409L,CNAG_02409,1
CNAG_06464L,CNAG_06464,2
CNAG_04371L,CNAG_04371,3
CNAG_02727L,CNAG_02727,2
CNAG_00181L,CNAG_00181,2
CNAG_05105L,CNAG_05105,3
CNAG_04352L,CNAG_04352,2
CNAG_02115L,CNAG_02115,2
CNAG_03188L,CNAG_03188,1
CNAG_01243L,CNAG_01243,2
CNAG_04863L,CNAG_04863,2
CNAG_03151L,CNAG_03151,1
CNAG_01938L,CNAG_01938,2
CNAG_00396L,CNAG_00396,1
CNAG_01850L,CNAG_01850,1
CNAG_00802L,CNAG_00802,1
CNAG_04761L,CNAG_04761,6
CNAG_00002L,CNAG_00002,2
CNAG_00004L,CNAG_00004,3
CNAG_00006L,CNAG_00006,2
CNAG_00012L,CNAG_00012,889
CNAG_00020L,CNAG_00020,1
CNAG_00025L,CNAG_00025,219
CNAG_00027L,CNAG_00027,2
CNAG_00030L,CNAG_00030,1
CNAG_00032L,CNAG_00032,1
CNAG_00035L,CNAG_00035,1
CNAG_00043L,CNAG_00043,2
CNAG_00045L,CNAG_00045,1
CNAG_00047L,CNAG_00047,2
CNAG_00053L,CNAG_00053,3
CNAG_00060L,CNAG_00060,1
CNAG_00069L,CNAG_00069,1
CNAG_00080L,CNAG_00080,1
CNAG_00090L,CNAG_00090,5
CNAG_00093L,CNAG_00093,1
CNAG_00094L,CNAG_00094,1
CNAG_00105L,CNAG_00105,4
CNAG_00110L,CNAG_00110,1
CNAG_00119L,CNAG_00119,4
CNAG_00121L,CNAG_00121,1
CNAG_00125L,CNAG_00125,4
CNAG_00127L,CNAG_00127,1
CNAG_00128L,CNAG_00128,2
CNAG_00131L,CNAG_00131,3
CNAG_00134L,CNAG_00134,256
CNAG_00135L,CNAG_00135,955
CNAG_00144L,CNAG_00144,2
CNAG_00146L,CNAG_00146,2
CNAG_00151L,CNAG_00151,1
CNAG_00152L,CNAG_00152,1
CNAG_00153L,CNAG_00153,916
CNAG_00155L,CNAG_00155,5
CNAG_00158L,CNAG_00158,2
CNAG_00159L,CNAG_00159,1
CNAG_00160L,CNAG_00160,1
CNAG_00172L,CNAG_00172,1
CNAG_00173L,CNAG_00173,1
CNAG_00180L,CNAG_00180,3
CNAG_00185L,CNAG_00185,1
CNAG_00186L,CNAG_00186,1
CNAG_00187L,CNAG_00187,2
CNAG_00229L,CNAG_00229,2
CNAG_00231L,CNAG_00231,1
CNAG_00237L,CNAG_00237,1416
CNAG_00248L,CNAG_00248,2
CNAG_00250L,CNAG_00250,4
CNAG_00251L,CNAG_00251,1
CNAG_00257L,CNAG_00257,3
CNAG_00262L,CNAG_00262,1
CNAG_00266L,CNAG_00266,1
CNAG_00267L,CNAG_00267,2
CNAG_00272L,CNAG_00272,1
CNAG_00277L,CNAG_00277,13
CNAG_00289L,CNAG_00289,2
CNAG_00291L,CNAG_00291,1
CNAG_00299L,CNAG_00299,2
CNAG_00304L,CNAG_00304,1
CNAG_00305L,CNAG_00305,1
CNAG_00308L,CNAG_00308,2
CNAG_00309L,CNAG_00309,2
CNAG_00313L,CNAG_00313,1
CNAG_00316L,CNAG_00316,2
CNAG_00321L,CNAG_00321,765
CNAG_00322L,CNAG_00322,2
CNAG_00323L,CNAG_00323,2
CNAG_00326L,CNAG_00326,1
CNAG_00334L,CNAG_00334,1
CNAG_00344L,CNAG_00344,2
CNAG_00353L,CNAG_00353,364
CNAG_00357L,CNAG_00357,2
CNAG_00365L,CNAG_00365,407
CNAG_00367L,CNAG_00367,1
CNAG_00371L,CNAG_00371,2
CNAG_00386L,CNAG_00386,285
CNAG_00387L,CNAG_00387,310
CNAG_00390L,CNAG_00390,1
CNAG_00391L,CNAG_00391,1
CNAG_00395L,CNAG_00395,733
CNAG_00397L,CNAG_00397,2
CNAG_00402L,CNAG_00402,2
CNAG_00406L,CNAG_00406,2
CNAG_00408L,CNAG_00408,1
CNAG_00409L,CNAG_00409,2
CNAG_00410L,CNAG_00410,1
CNAG_00412L,CNAG_00412,5
CNAG_00416L,CNAG_00416,4
CNAG_00419L,CNAG_00419,4
CNAG_00425L,CNAG_00425,1
CNAG_00429L,CNAG_00429,2
CNAG_00430L,CNAG_00430,2
CNAG_00434L,CNAG_00434,3
CNAG_00439L,CNAG_00439,3
CNAG_00451L,CNAG_00451,4
CNAG_00452L,CNAG_00452,1
CNAG_00454L,CNAG_00454,1
CNAG_00463L,CNAG_00463,1
CNAG_00465L,CNAG_00465,1
CNAG_00468L,CNAG_00468,2
CNAG_00470L,CNAG_00470,2
CNAG_00481L,CNAG_00481,256
CNAG_00484L,CNAG_00484,6
CNAG_00487L,CNAG_00487,2
CNAG_00492L,CNAG_00492,2
CNAG_00496L,CNAG_00496,1
CNAG_00497L,CNAG_00497,3
CNAG_00498L,CNAG_00498,3
CNAG_00499L,CNAG_00499,3
CNAG_00505L,CNAG_00505,2
CNAG_00507L,CNAG_00507,2
CNAG_00508L,CNAG_00508,4
CNAG_00511L,CNAG_00511,1
CNAG_00515L,CNAG_00515,7
CNAG_00516L,CNAG_00516,1
CNAG_00517L,CNAG_00517,1
CNAG_00520L,CNAG_00520,2
CNAG_00523L,CNAG_00523,3
CNAG_00524L,CNAG_00524,2
CNAG_00526L,CNAG_00526,3
CNAG_00528L,CNAG_00528,3
CNAG_00534L,CNAG_00534,1
CNAG_00538L,CNAG_00538,4
CNAG_00541L,CNAG_00541,1
CNAG_00542L,CNAG_00542,2
CNAG_00543L,CNAG_00543,4
CNAG_00550L,CNAG_00550,6
CNAG_00555L,CNAG_00555,3
CNAG_00558L,CNAG_00558,2
CNAG_00561L,CNAG_00561,2
CNAG_00562L,CNAG_00562,3
CNAG_00567L,CNAG_00567,107
CNAG_00571L,CNAG_00571,2
CNAG_00574L,CNAG_00574,7
CNAG_00575L,CNAG_00575,3
CNAG_00576L,CNAG_00576,5
CNAG_00582L,CNAG_00582,4
CNAG_00583L,CNAG_00583,5
CNAG_00585L,CNAG_00585,1
CNAG_00586L,CNAG_00586,3
CNAG_00589L,CNAG_00589,1
CNAG_00590L,CNAG_00590,1
CNAG_00591L,CNAG_00591,5
CNAG_00593L,CNAG_00593,3
CNAG_00595L,CNAG_00595,47
CNAG_00596L,CNAG_00596,3
CNAG_00599L,CNAG_00599,5
CNAG_00601L,CNAG_00601,3
CNAG_00609L,CNAG_00609,5
CNAG_00613L,CNAG_00613,8
CNAG_00622L,CNAG_00622,1
CNAG_00624L,CNAG_00624,5
CNAG_00625L,CNAG_00625,2
CNAG_00626L,CNAG_00626,4
CNAG_00628L,CNAG_00628,3
CNAG_00632L,CNAG_00632,6
CNAG_00635L,CNAG_00635,2
CNAG_00640L,CNAG_00640,12
CNAG_00641L,CNAG_00641,42
CNAG_00642L,CNAG_00642,3
CNAG_00650L,CNAG_00650,1
CNAG_00651L,CNAG_00651,5
CNAG_00655L,CNAG_00655,18
CNAG_00657L,CNAG_00657,2
CNAG_00658L,CNAG_00658,8
CNAG_00659L,CNAG_00659,2
CNAG_00664L,CNAG_00664,1
CNAG_00665L,CNAG_00665,1
CNAG_00667L,CNAG_00667,2
CNAG_00671L,CNAG_00671,4
CNAG_00677L,CNAG_00677,3
CNAG_00686L,CNAG_00686,6
CNAG_00690L,CNAG_00690,1
CNAG_00695L,CNAG_00695,4
CNAG_00698L,CNAG_00698,2
CNAG_00711L,CNAG_00711,2
CNAG_00718L,CNAG_00718,2
CNAG_00723L,CNAG_00723,2
CNAG_00727L,CNAG_00727,4
CNAG_00729L,CNAG_00729,9
CNAG_00738L,CNAG_00738,2
CNAG_00739L,CNAG_00739,5
CNAG_00751L,CNAG_00751,1
CNAG_00753L,CNAG_00753,15
CNAG_00754L,CNAG_00754,4
CNAG_00759L,CNAG_00759,784
CNAG_00760L,CNAG_00760,2
CNAG_00766L,CNAG_00766,2
CNAG_00783L,CNAG_00783,2
CNAG_00795L,CNAG_00795,3
CNAG_00801L,CNAG_00801,1
CNAG_00803L,CNAG_00803,263
CNAG_00810L,CNAG_00810,1
CNAG_00816L,CNAG_00816,81
CNAG_00817L,CNAG_00817,1
CNAG_00823L,CNAG_00823,900
CNAG_00835L,CNAG_00835,3
CNAG_00836L,CNAG_00836,1
CNAG_00838L,CNAG_00838,2
CNAG_00843L,CNAG_00843,3
CNAG_00848L,CNAG_00848,2
CNAG_00849L,CNAG_00849,1
CNAG_00850L,CNAG_00850,1
CNAG_00851L,CNAG_00851,242
CNAG_00852L,CNAG_00852,1
CNAG_00855L,CNAG_00855,1
CNAG_00867L,CNAG_00867,1
CNAG_00868L,CNAG_00868,1
CNAG_00872L,CNAG_00872,4
CNAG_00875L,CNAG_00875,6
CNAG_00876L,CNAG_00876,3
CNAG_00878L,CNAG_00878,4
CNAG_00892L,CNAG_00892,4
CNAG_00893L,CNAG_00893,2
CNAG_00900L,CNAG_00900,2
CNAG_00908L,CNAG_00908,628
CNAG_00911L,CNAG_00911,2
CNAG_00920L,CNAG_00920,1
CNAG_00927L,CNAG_00927,3
CNAG_00933L,CNAG_00933,1
CNAG_00937L,CNAG_00937,3
CNAG_00941L,CNAG_00941,2
CNAG_00961L,CNAG_00961,1
CNAG_00964L,CNAG_00964,1
CNAG_00967L,CNAG_00967,1590
CNAG_00968L,CNAG_00968,2
CNAG_00969L,CNAG_00969,1
CNAG_00971L,CNAG_00971,1
CNAG_00972L,CNAG_00972,2
CNAG_00973L,CNAG_00973,4
CNAG_00977L,CNAG_00977,1
CNAG_00978L,CNAG_00978,2
CNAG_00989L,CNAG_00989,2
CNAG_01001L,CNAG_01001,1
CNAG_01002L,CNAG_01002,2
CNAG_01007L,CNAG_01007,1
CNAG_01008L,CNAG_01008,2
CNAG_01012L,CNAG_01012,1
CNAG_01016L,CNAG_01016,1
CNAG_01024L,CNAG_01024,165
CNAG_01031L,CNAG_01031,1
CNAG_01032L,CNAG_01032,3
CNAG_01034L,CNAG_01034,1
CNAG_01037L,CNAG_01037,2
CNAG_01038L,CNAG_01038,1
CNAG_01045L,CNAG_01045,2
CNAG_01048L,CNAG_01048,3
CNAG_01056L,CNAG_01056,2
CNAG_01058L,CNAG_01058,1
CNAG_01070L,CNAG_01070,4
CNAG_01074L,CNAG_01074,1
CNAG_01085L,CNAG_01085,3
CNAG_01086L,CNAG_01086,4393
CNAG_01097L,CNAG_01097,1
CNAG_01102L,CNAG_01102,2
CNAG_01114L,CNAG_01114,1
CNAG_01116L,CNAG_01116,2
CNAG_01121L,CNAG_01121,2
CNAG_01122L,CNAG_01122,2
CNAG_01123L,CNAG_01123,1
CNAG_01127L,CNAG_01127,2
CNAG_01128L,CNAG_01128,3
CNAG_01149L,CNAG_01149,1
CNAG_01157L,CNAG_01157,4
CNAG_01161L,CNAG_01161,1
CNAG_01162L,CNAG_01162,1
CNAG_01165L,CNAG_01165,1
CNAG_01186L,CNAG_01186,1
CNAG_01188L,CNAG_01188,45
CNAG_01190L,CNAG_01190,1
CNAG_01191L,CNAG_01191,1
CNAG_01193L,CNAG_01193,661
CNAG_01194L,CNAG_01194,472
CNAG_01195L,CNAG_01195,50
CNAG_01196L,CNAG_01196,245
CNAG_01208L,CNAG_01208,1
CNAG_01210L,CNAG_01210,3
CNAG_01211L,CNAG_01211,1
CNAG_01212L,CNAG_01212,2
CNAG_01214L,CNAG_01214,3
CNAG_01215L,CNAG_01215,3
CNAG_01216L,CNAG_01216,1
CNAG_01222L,CNAG_01222,1
CNAG_01228L,CNAG_01228,2
CNAG_01237L,CNAG_01237,3
CNAG_01247L,CNAG_01247,4
CNAG_01248L,CNAG_01248,2
CNAG_01249L,CNAG_01249,1
CNAG_01252L,CNAG_01252,3
CNAG_01256L,CNAG_01256,1
CNAG_01266L,CNAG_01266,1
CNAG_01270L,CNAG_01270,128
CNAG_01284L,CNAG_01284,5
CNAG_01286L,CNAG_01286,4
CNAG_01294L,CNAG_01294,1
CNAG_01297L,CNAG_01297,4
CNAG_01299L,CNAG_01299,3
CNAG_01302L,CNAG_01302,3
CNAG_01306L,CNAG_01306,1
CNAG_01308L,CNAG_01308,3
CNAG_01309L,CNAG_01309,1
CNAG_01310L,CNAG_01310,1
CNAG_01315L,CNAG_01315,1
CNAG_01319L,CNAG_01319,2
CNAG_01333L,CNAG_01333,286
CNAG_01335L,CNAG_01335,1903
CNAG_01338L,CNAG_01338,1
CNAG_01339L,CNAG_01339,1
CNAG_01342L,CNAG_01342,1
CNAG_01343L,CNAG_01343,4
CNAG_01348L,CNAG_01348,3
CNAG_01351L,CNAG_01351,1
CNAG_01355L,CNAG_01355,1
CNAG_01357L,CNAG_01357,1
CNAG_01373L,CNAG_01373,1
CNAG_01376L,CNAG_01376,20
CNAG_01378L,CNAG_01378,1
CNAG_01380L,CNAG_01380,1
CNAG_01387L,CNAG_01387,1
CNAG_01388L,CNAG_01388,1
CNAG_01390L,CNAG_01390,718
CNAG_01403L,CNAG_01403,4
CNAG_01405L,CNAG_01405,1
CNAG_01411L,CNAG_01411,2
CNAG_01416L,CNAG_01416,3
CNAG_01425L,CNAG_01425,1
CNAG_01440L,CNAG_01440,2420
CNAG_01443L,CNAG_01443,1
CNAG_01445L,CNAG_01445,532
CNAG_01456L,CNAG_01456,4
CNAG_01457L,CNAG_01457,594
CNAG_01461L,CNAG_01461,3
CNAG_01465L,CNAG_01465,2
CNAG_01466L,CNAG_01466,2
CNAG_01467L,CNAG_01467,307
CNAG_01471L,CNAG_01471,6
CNAG_01472L,CNAG_01472,1
CNAG_01473L,CNAG_01473,1
CNAG_01479L,CNAG_01479,5
CNAG_01482L,CNAG_01482,1
CNAG_01483L,CNAG_01483,3
CNAG_01495L,CNAG_01495,2
CNAG_01496L,CNAG_01496,2
CNAG_01497L,CNAG_01497,1
CNAG_01504L,CNAG_01504,4
CNAG_01510L,CNAG_01510,2
CNAG_01512L,CNAG_01512,2
CNAG_01513L,CNAG_01513,1
CNAG_01514L,CNAG_01514,1
CNAG_01518L,CNAG_01518,1
CNAG_01519L,CNAG_01519,1
CNAG_01521L,CNAG_01521,1
CNAG_01527L,CNAG_01527,1
CNAG_01531L,CNAG_01531,1
CNAG_01532L,CNAG_01532,2
CNAG_01534L,CNAG_01534,2
CNAG_01546L,CNAG_01546,3
CNAG_01547L,CNAG_01547,3
CNAG_01554L,CNAG_01554,2
CNAG_01555L,CNAG_01555,4
CNAG_01559L,CNAG_01559,1
CNAG_01560L,CNAG_01560,2
CNAG_01561L,CNAG_01561,1
CNAG_01567L,CNAG_01567,1
CNAG_01569L,CNAG_01569,3
CNAG_01571L,CNAG_01571,1
CNAG_01579L,CNAG_01579,1
CNAG_01592L,CNAG_01592,3
CNAG_01606L,CNAG_01606,2
CNAG_01607L,CNAG_01607,1
CNAG_01612L,CNAG_01612,4
CNAG_01616L,CNAG_01616,1
CNAG_01624L,CNAG_01624,2
CNAG_01632L,CNAG_01632,1
CNAG_01637L,CNAG_01637,2
CNAG_01640L,CNAG_01640,4
CNAG_01648L,CNAG_01648,6
CNAG_01658L,CNAG_01658,1
CNAG_01659L,CNAG_01659,2
CNAG_01668L,CNAG_01668,3
CNAG_01673L,CNAG_01673,1
CNAG_01674L,CNAG_01674,1
CNAG_01675L,CNAG_01675,2
CNAG_01682L,CNAG_01682,3
CNAG_01691L,CNAG_01691,1
CNAG_01698L,CNAG_01698,1
CNAG_01703L,CNAG_01703,1
CNAG_01706L,CNAG_01706,5
CNAG_01710L,CNAG_01710,1
CNAG_01714L,CNAG_01714,9
CNAG_01719L,CNAG_01719,1
CNAG_01730L,CNAG_01730,4
CNAG_01737L,CNAG_01737,1
CNAG_01739L,CNAG_01739,2
CNAG_01741L,CNAG_01741,2
CNAG_01749L,CNAG_01749,562
CNAG_01751L,CNAG_01751,1
CNAG_01763L,CNAG_01763,1
CNAG_01764L,CNAG_01764,2
CNAG_01769L,CNAG_01769,3
CNAG_01780L,CNAG_01780,3
CNAG_01793L,CNAG_01793,2
CNAG_01798L,CNAG_01798,4
CNAG_01807L,CNAG_01807,3
CNAG_01811L,CNAG_01811,1
CNAG_01821L,CNAG_01821,2
CNAG_01827L,CNAG_01827,5
CNAG_01832L,CNAG_01832,1
CNAG_01843L,CNAG_01843,6
CNAG_01848L,CNAG_01848,1
CNAG_01849L,CNAG_01849,2
CNAG_01851L,CNAG_01851,1
CNAG_01857L,CNAG_01857,1
CNAG_01861L,CNAG_01861,3
CNAG_01867L,CNAG_01867,2
CNAG_01869L,CNAG_01869,4
CNAG_01870L,CNAG_01870,1
CNAG_01872L,CNAG_01872,2
CNAG_01873L,CNAG_01873,3
CNAG_01876L,CNAG_01876,3
CNAG_01878L,CNAG_01878,3
CNAG_01879L,CNAG_01879,4
CNAG_01885L,CNAG_01885,2
CNAG_01886L,CNAG_01886,2
CNAG_01900L,CNAG_01900,3
CNAG_01903L,CNAG_01903,1
CNAG_01909L,CNAG_01909,1
CNAG_01913L,CNAG_01913,1
CNAG_01923L,CNAG_01923,1
CNAG_01924L,CNAG_01924,1
CNAG_01926L,CNAG_01926,2
CNAG_01928L,CNAG_01928,1
CNAG_01929L,CNAG_01929,1
CNAG_01931L,CNAG_01931,1
CNAG_01933L,CNAG_01933,3
CNAG_01934L,CNAG_01934,2
CNAG_01940L,CNAG_01940,227
CNAG_01942L,CNAG_01942,2
CNAG_01943L,CNAG_01943,2
CNAG_01958L,CNAG_01958,1
CNAG_01963L,CNAG_01963,4
CNAG_01972L,CNAG_01972,2
CNAG_01978L,CNAG_01978,2
CNAG_01980L,CNAG_01980,3
CNAG_01986L,CNAG_01986,2133
CNAG_02004L,CNAG_02004,702
CNAG_02005L,CNAG_02005,327
CNAG_02006L,CNAG_02006,2
CNAG_02012L,CNAG_02012,2
CNAG_02013L,CNAG_02013,5
CNAG_02016L,CNAG_02016,3
CNAG_02026L,CNAG_02026,1
CNAG_02027L,CNAG_02027,1
CNAG_02031L,CNAG_02031,3
CNAG_02038L,CNAG_02038,4
CNAG_02039L,CNAG_02039,1
CNAG_02050L,CNAG_02050,4
CNAG_02052L,CNAG_02052,1
CNAG_02053L,CNAG_02053,1465
CNAG_02055L,CNAG_02055,1206
CNAG_02056L,CNAG_02056,3
CNAG_02058L,CNAG_02058,2
CNAG_02062L,CNAG_02062,1
CNAG_02067L,CNAG_02067,4
CNAG_02069L,CNAG_02069,5
CNAG_02078L,CNAG_02078,91
CNAG_02086L,CNAG_02086,18
CNAG_02087L,CNAG_02087,937
CNAG_02092L,CNAG_02092,4
CNAG_02096L,CNAG_02096,1
CNAG_02097L,CNAG_02097,1
CNAG_02105L,CNAG_02105,2
CNAG_02108L,CNAG_02108,2
CNAG_02112L,CNAG_02112,3
CNAG_02113L,CNAG_02113,2
CNAG_02114L,CNAG_02114,2
CNAG_02117L,CNAG_02117,6
CNAG_02120L,CNAG_02120,6
CNAG_02126L,CNAG_02126,1
CNAG_02127L,CNAG_02127,1
CNAG_02130L,CNAG_02130,4
CNAG_02137L,CNAG_02137,2
CNAG_02139L,CNAG_02139,851
CNAG_02140L,CNAG_02140,3
CNAG_02146L,CNAG_02146,3
CNAG_02149L,CNAG_02149,2
CNAG_02150L,CNAG_02150,1
CNAG_02151L,CNAG_02151,712
CNAG_02156L,CNAG_02156,4
CNAG_02157L,CNAG_02157,221
CNAG_02160L,CNAG_02160,4
CNAG_02161L,CNAG_02161,1
CNAG_02169L,CNAG_02169,2
CNAG_02170L,CNAG_02170,9
CNAG_02171L,CNAG_02171,3
CNAG_02184L,CNAG_02184,1
CNAG_02185L,CNAG_02185,1
CNAG_02186L,CNAG_02186,3
CNAG_02187L,CNAG_02187,1
CNAG_02192L,CNAG_02192,3
CNAG_02197L,CNAG_02197,3
CNAG_02205L,CNAG_02205,3
CNAG_02206L,CNAG_02206,1317
CNAG_02207L,CNAG_02207,2
CNAG_02210L,CNAG_02210,1
CNAG_02211L,CNAG_02211,1
CNAG_02228L,CNAG_02228,1
CNAG_02235L,CNAG_02235,1
CNAG_02238L,CNAG_02238,1
CNAG_02241L,CNAG_02241,4
CNAG_02258L,CNAG_02258,1
CNAG_02260L,CNAG_02260,2
CNAG_02269L,CNAG_02269,1
CNAG_02281L,CNAG_02281,3
CNAG_02283L,CNAG_02283,2
CNAG_02286L,CNAG_02286,4
CNAG_02287L,CNAG_02287,2
CNAG_02289L,CNAG_02289,3
CNAG_02295L,CNAG_02295,2
CNAG_02296L,CNAG_02296,2
CNAG_02300L,CNAG_02300,3
CNAG_02308L,CNAG_02308,5
CNAG_02309L,CNAG_02309,3
CNAG_02310L,CNAG_02310,1
CNAG_02312L,CNAG_02312,4
CNAG_02314L,CNAG_02314,3
CNAG_02317L,CNAG_02317,574
CNAG_02318L,CNAG_02318,1
CNAG_02324L,CNAG_02324,3
CNAG_02327L,CNAG_02327,1
CNAG_02332L,CNAG_02332,795
CNAG_02336L,CNAG_02336,3
CNAG_02337L,CNAG_02337,4
CNAG_02339L,CNAG_02339,1
CNAG_02340L,CNAG_02340,3
CNAG_02343L,CNAG_02343,6
CNAG_02344L,CNAG_02344,5
CNAG_02345L,CNAG_02345,2
CNAG_02355L,CNAG_02355,3
CNAG_02359L,CNAG_02359,1
CNAG_02363L,CNAG_02363,3
CNAG_02374L,CNAG_02374,343
CNAG_02375L,CNAG_02375,3
CNAG_02376L,CNAG_02376,1
CNAG_02377L,CNAG_02377,352
CNAG_02384L,CNAG_02384,4
CNAG_02402L,CNAG_02402,1
CNAG_02403L,CNAG_02403,9
CNAG_02407L,CNAG_02407,3
CNAG_02408L,CNAG_02408,4
CNAG_02416L,CNAG_02416,1
CNAG_02417L,CNAG_02417,3
CNAG_02419L,CNAG_02419,1
CNAG_02420L,CNAG_02420,3
CNAG_02425L,CNAG_02425,2
CNAG_02430L,CNAG_02430,1217
CNAG_02431L,CNAG_02431,1
CNAG_02432L,CNAG_02432,3
CNAG_02433L,CNAG_02433,2
CNAG_02436L,CNAG_02436,1
CNAG_02438L,CNAG_02438,2
CNAG_02440L,CNAG_02440,2
CNAG_02441L,CNAG_02441,3
CNAG_02444L,CNAG_02444,9
CNAG_02446L,CNAG_02446,2
CNAG_02447L,CNAG_02447,1
CNAG_02448L,CNAG_02448,2
CNAG_02452L,CNAG_02452,3
CNAG_02458L,CNAG_02458,2
CNAG_02464L,CNAG_02464,2
CNAG_02465L,CNAG_02465,2
CNAG_02468L,CNAG_02468,2
CNAG_02477L,CNAG_02477,3
CNAG_02484L,CNAG_02484,2
CNAG_02490L,CNAG_02490,1
CNAG_02492L,CNAG_02492,1
CNAG_02493L,CNAG_02493,2
CNAG_02496L,CNAG_02496,1
CNAG_02497L,CNAG_02497,2
CNAG_02499L,CNAG_02499,3
CNAG_02501L,CNAG_02501,2
CNAG_02502L,CNAG_02502,765
CNAG_02508L,CNAG_02508,1
CNAG_02509L,CNAG_02509,4
CNAG_02511L,CNAG_02511,1
CNAG_02514L,CNAG_02514,4
CNAG_02515L,CNAG_02515,1
CNAG_02519L,CNAG_02519,3
CNAG_02521L,CNAG_02521,2
CNAG_02524L,CNAG_02524,7
CNAG_02531L,CNAG_02531,2
CNAG_02535L,CNAG_02535,7
CNAG_02538L,CNAG_02538,6
CNAG_02543L,CNAG_02543,4
CNAG_02556L,CNAG_02556,1362
CNAG_02562L,CNAG_02562,1
CNAG_02568L,CNAG_02568,1
CNAG_02573L,CNAG_02573,1
CNAG_02576L,CNAG_02576,1
CNAG_02582L,CNAG_02582,4
CNAG_02583L,CNAG_02583,3
CNAG_02584L,CNAG_02584,2
CNAG_02585L,CNAG_02585,1
CNAG_02590L,CNAG_02590,5
CNAG_02594L,CNAG_02594,1
CNAG_02596L,CNAG_02596,2
CNAG_02597L,CNAG_02597,1
CNAG_02598L,CNAG_02598,3
CNAG_02601L,CNAG_02601,1
CNAG_02602L,CNAG_02602,2
CNAG_02604L,CNAG_02604,1
CNAG_02605L,CNAG_02605,1
CNAG_02606L,CNAG_02606,3
CNAG_02659L,CNAG_02659,2
CNAG_02661L,CNAG_02661,2
CNAG_02662L,CNAG_02662,9
CNAG_02663L,CNAG_02663,3
CNAG_02665L,CNAG_02665,3
CNAG_02666L,CNAG_02666,3
CNAG_02670L,CNAG_02670,1
CNAG_02681L,CNAG_02681,2
CNAG_02686L,CNAG_02686,35
CNAG_02687L,CNAG_02687,1
CNAG_02688L,CNAG_02688,5
CNAG_02689L,CNAG_02689,2
CNAG_02690L,CNAG_02690,2
CNAG_02696L,CNAG_02696,6
CNAG_02706L,CNAG_02706,3
CNAG_02715L,CNAG_02715,1
CNAG_02722L,CNAG_02722,6
CNAG_02724L,CNAG_02724,4
CNAG_02726L,CNAG_02726,2
CNAG_02729L,CNAG_02729,2
CNAG_02733L,CNAG_02733,7
CNAG_02737L,CNAG_02737,4
CNAG_02738L,CNAG_02738,6
CNAG_02741L,CNAG_02741,3
CNAG_02742L,CNAG_02742,2
CNAG_02745L,CNAG_02745,4
CNAG_02747L,CNAG_02747,1
CNAG_02750L,CNAG_02750,2
CNAG_02755L,CNAG_02755,2
CNAG_02756L,CNAG_02756,1
CNAG_02757L,CNAG_02757,4
CNAG_02760L,CNAG_02760,1
CNAG_02761L,CNAG_02761,1
CNAG_02762L,CNAG_02762,1
CNAG_02764L,CNAG_02764,4
CNAG_02765L,CNAG_02765,3
CNAG_02766L,CNAG_02766,1
CNAG_02772L,CNAG_02772,2
CNAG_02785L,CNAG_02785,1
CNAG_02793L,CNAG_02793,1
CNAG_02798L,CNAG_02798,3
CNAG_02805L,CNAG_02805,3
CNAG_02806L,CNAG_02806,5
CNAG_02817L,CNAG_02817,1
CNAG_02820L,CNAG_02820,3
CNAG_02828L,CNAG_02828,3
CNAG_02829L,CNAG_02829,1
CNAG_02834L,CNAG_02834,7
CNAG_02853L,CNAG_02853,4
CNAG_02868L,CNAG_02868,3
CNAG_02874L,CNAG_02874,2
CNAG_02878L,CNAG_02878,2
CNAG_02880L,CNAG_02880,4
CNAG_02881L,CNAG_02881,2
CNAG_02888L,CNAG_02888,3
CNAG_02889L,CNAG_02889,3
CNAG_02898L,CNAG_02898,6
CNAG_02901L,CNAG_02901,4
CNAG_02903L,CNAG_02903,1
CNAG_02906L,CNAG_02906,3
CNAG_02907L,CNAG_02907,5
CNAG_02913L,CNAG_02913,2
CNAG_02920L,CNAG_02920,2
CNAG_02924L,CNAG_02924,5
CNAG_02926L,CNAG_02926,3
CNAG_02928L,CNAG_02928,12
CNAG_02932L,CNAG_02932,5
CNAG_02933L,CNAG_02933,24
CNAG_02938L,CNAG_02938,1
CNAG_02941L,CNAG_02941,4
CNAG_02960L,CNAG_02960,2
CNAG_02967L,CNAG_02967,6
CNAG_02972L,CNAG_02972,4
CNAG_02984L,CNAG_02984,1
CNAG_02988L,CNAG_02988,2
CNAG_02992L,CNAG_02992,4
CNAG_02993L,CNAG_02993,3
CNAG_02994L,CNAG_02994,2
CNAG_02995L,CNAG_02995,1
CNAG_02996L,CNAG_02996,2
CNAG_02997L,CNAG_02997,6
CNAG_02998L,CNAG_02998,1
CNAG_03006L,CNAG_03006,1
CNAG_03008L,CNAG_03008,1
CNAG_03009L,CNAG_03009,1
CNAG_03010L,CNAG_03010,3
CNAG_03021L,CNAG_03021,4
CNAG_03028L,CNAG_03028,1
CNAG_03031L,CNAG_03031,1
CNAG_03034L,CNAG_03034,2
CNAG_03036L,CNAG_03036,1
CNAG_03037L,CNAG_03037,1
CNAG_03038L,CNAG_03038,5
CNAG_03041L,CNAG_03041,5
CNAG_03043L,CNAG_03043,5
CNAG_03045L,CNAG_03045,3
CNAG_03054L,CNAG_03054,3
CNAG_03055L,CNAG_03055,2
CNAG_03056L,CNAG_03056,2
CNAG_03057L,CNAG_03057,3
CNAG_03067L,CNAG_03067,1
CNAG_03070L,CNAG_03070,1
CNAG_03077L,CNAG_03077,3
CNAG_03085L,CNAG_03085,4
CNAG_03087L,CNAG_03087,7
CNAG_03091L,CNAG_03091,1
CNAG_03092L,CNAG_03092,5
CNAG_03095L,CNAG_03095,3
CNAG_03102L,CNAG_03102,3
CNAG_03105L,CNAG_03105,2
CNAG_03107L,CNAG_03107,3
CNAG_03108L,CNAG_03108,1
CNAG_03109L,CNAG_03109,5
CNAG_03133L,CNAG_03133,2
CNAG_03137L,CNAG_03137,3
CNAG_03144L,CNAG_03144,1
CNAG_03147L,CNAG_03147,1
CNAG_03152L,CNAG_03152,1
CNAG_03153L,CNAG_03153,1
CNAG_03156L,CNAG_03156,3
CNAG_03160L,CNAG_03160,5
CNAG_03162L,CNAG_03162,2
CNAG_03163L,CNAG_03163,3
CNAG_03166L,CNAG_03166,1
CNAG_03171L,CNAG_03171,2
CNAG_03175L,CNAG_03175,5
CNAG_03179L,CNAG_03179,2
CNAG_03185L,CNAG_03185,1
CNAG_03186L,CNAG_03186,3
CNAG_03192L,CNAG_03192,4
CNAG_03212L,CNAG_03212,8
CNAG_03214L,CNAG_03214,4
CNAG_03215L,CNAG_03215,4
CNAG_03220L,CNAG_03220,2
CNAG_03224L,CNAG_03224,3
CNAG_03231L,CNAG_03231,3
CNAG_03238L,CNAG_03238,4
CNAG_03259L,CNAG_03259,3
CNAG_03262L,CNAG_03262,2
CNAG_03269L,CNAG_03269,1
CNAG_03275L,CNAG_03275,1
CNAG_03282L,CNAG_03282,3
CNAG_03286L,CNAG_03286,2
CNAG_03288L,CNAG_03288,1
CNAG_03291L,CNAG_03291,2
CNAG_03292L,CNAG_03292,2
CNAG_03294L,CNAG_03294,1
CNAG_03298L,CNAG_03298,1
CNAG_03307L,CNAG_03307,5
CNAG_03309L,CNAG_03309,1
CNAG_03310L,CNAG_03310,1
CNAG_03311L,CNAG_03311,1
CNAG_03339L,CNAG_03339,3
CNAG_03342L,CNAG_03342,1
CNAG_03343L,CNAG_03343,1
CNAG_03345L,CNAG_03345,1
CNAG_03348L,CNAG_03348,4
CNAG_03352L,CNAG_03352,2
CNAG_03354L,CNAG_03354,1
CNAG_03361L,CNAG_03361,1
CNAG_03367L,CNAG_03367,2
CNAG_03372L,CNAG_03372,3
CNAG_03373L,CNAG_03373,1
CNAG_03387L,CNAG_03387,3
CNAG_03391L,CNAG_03391,1
CNAG_03392L,CNAG_03392,2
CNAG_03393L,CNAG_03393,1
CNAG_03394L,CNAG_03394,2
CNAG_03396L,CNAG_03396,2
CNAG_03402L,CNAG_03402,3
CNAG_03407L,CNAG_03407,2
CNAG_03410L,CNAG_03410,3
CNAG_03411L,CNAG_03411,3
CNAG_03414L,CNAG_03414,3
CNAG_03415L,CNAG_03415,5
CNAG_03417L,CNAG_03417,4
CNAG_03420L,CNAG_03420,3
CNAG_03427L,CNAG_03427,4
CNAG_03432L,CNAG_03432,3
CNAG_03440L,CNAG_03440,1
CNAG_03444L,CNAG_03444,2
CNAG_03445L,CNAG_03445,3
CNAG_03446L,CNAG_03446,1
CNAG_03450L,CNAG_03450,2
CNAG_03456L,CNAG_03456,2
CNAG_03460L,CNAG_03460,4
CNAG_03465L,CNAG_03465,3
CNAG_03466L,CNAG_03466,5
CNAG_03467L,CNAG_03467,5
CNAG_03468L,CNAG_03468,7
CNAG_03474L,CNAG_03474,7
CNAG_03475L,CNAG_03475,5
CNAG_03483L,CNAG_03483,5
CNAG_03488L,CNAG_03488,3
CNAG_03499L,CNAG_03499,2
CNAG_03509L,CNAG_03509,6
CNAG_03519L,CNAG_03519,1
CNAG_03522L,CNAG_03522,4
CNAG_03527L,CNAG_03527,6
CNAG_03528L,CNAG_03528,1
CNAG_03531L,CNAG_03531,4
CNAG_03532L,CNAG_03532,3
CNAG_03533L,CNAG_03533,2
CNAG_03534L,CNAG_03534,4
CNAG_03538L,CNAG_03538,2
CNAG_03539L,CNAG_03539,1
CNAG_03551L,CNAG_03551,2
CNAG_03552L,CNAG_03552,4
CNAG_03553L,CNAG_03553,2
CNAG_03559L,CNAG_03559,5
CNAG_03560L,CNAG_03560,2
CNAG_03569L,CNAG_03569,3
CNAG_03573L,CNAG_03573,3
CNAG_03575L,CNAG_03575,7
CNAG_03584L,CNAG_03584,2
CNAG_03597L,CNAG_03597,5
CNAG_03604L,CNAG_03604,5
CNAG_03607L,CNAG_03607,5
CNAG_03608L,CNAG_03608,3
CNAG_03609L,CNAG_03609,1
CNAG_03613L,CNAG_03613,3
CNAG_03614L,CNAG_03614,2
CNAG_03618L,CNAG_03618,2
CNAG_03619L,CNAG_03619,1
CNAG_03620L,CNAG_03620,5
CNAG_03626L,CNAG_03626,6
CNAG_03627L,CNAG_03627,2
CNAG_03633L,CNAG_03633,4
CNAG_03635L,CNAG_03635,11
CNAG_03639L,CNAG_03639,3
CNAG_03640L,CNAG_03640,1
CNAG_03641L,CNAG_03641,1
CNAG_03643L,CNAG_03643,1
CNAG_03647L,CNAG_03647,1
CNAG_03649L,CNAG_03649,2
CNAG_03650L,CNAG_03650,1
CNAG_03657L,CNAG_03657,5
CNAG_03661L,CNAG_03661,1
CNAG_03662L,CNAG_03662,1
CNAG_03663L,CNAG_03663,1
CNAG_03671L,CNAG_03671,5
CNAG_03678L,CNAG_03678,2
CNAG_03679L,CNAG_03679,2
CNAG_03680L,CNAG_03680,2
CNAG_03684L,CNAG_03684,1
CNAG_03685L,CNAG_03685,2
CNAG_03687L,CNAG_03687,3
CNAG_03688L,CNAG_03688,1
CNAG_03692L,CNAG_03692,3
CNAG_03694L,CNAG_03694,2
CNAG_03695L,CNAG_03695,7
CNAG_03696L,CNAG_03696,1
CNAG_03697L,CNAG_03697,3
CNAG_03702L,CNAG_03702,2
CNAG_03704L,CNAG_03704,8
CNAG_03707L,CNAG_03707,3
CNAG_03709L,CNAG_03709,1
CNAG_03712L,CNAG_03712,3
CNAG_03717L,CNAG_03717,4
CNAG_03718L,CNAG_03718,1
CNAG_03723L,CNAG_03723,1
CNAG_03730L,CNAG_03730,4
CNAG_03744L,CNAG_03744,3
CNAG_03748L,CNAG_03748,3
CNAG_03751L,CNAG_03751,1
CNAG_03752L,CNAG_03752,2
CNAG_03759L,CNAG_03759,1
CNAG_03770L,CNAG_03770,8
CNAG_03771L,CNAG_03771,3
CNAG_03775L,CNAG_03775,4
CNAG_03776L,CNAG_03776,5
CNAG_03784L,CNAG_03784,5
CNAG_03785L,CNAG_03785,1
CNAG_03794L,CNAG_03794,2
CNAG_03795L,CNAG_03795,1
CNAG_03808L,CNAG_03808,1
CNAG_03817L,CNAG_03817,6
CNAG_03825L,CNAG_03825,3
CNAG_03828L,CNAG_03828,10
CNAG_03830L,CNAG_03830,1
CNAG_03831L,CNAG_03831,1
CNAG_03832L,CNAG_03832,1
CNAG_03833L,CNAG_03833,6
CNAG_03834L,CNAG_03834,1
CNAG_03842L,CNAG_03842,1
CNAG_03845L,CNAG_03845,6
CNAG_03846L,CNAG_03846,6
CNAG_03852L,CNAG_03852,1
CNAG_03863L,CNAG_03863,1
CNAG_03869L,CNAG_03869,1
CNAG_03871L,CNAG_03871,7
CNAG_03875L,CNAG_03875,2
CNAG_03877L,CNAG_03877,1
CNAG_03881L,CNAG_03881,7
CNAG_03885L,CNAG_03885,22
CNAG_03889L,CNAG_03889,2
CNAG_03890L,CNAG_03890,3
CNAG_03893L,CNAG_03893,3
CNAG_03896L,CNAG_03896,2
CNAG_03900L,CNAG_03900,1
CNAG_03901L,CNAG_03901,1
CNAG_03905L,CNAG_03905,1
CNAG_03906L,CNAG_03906,2
CNAG_03908L,CNAG_03908,3
CNAG_03909L,CNAG_03909,7
CNAG_03913L,CNAG_03913,3
CNAG_03919L,CNAG_03919,3
CNAG_03922L,CNAG_03922,2
CNAG_03923L,CNAG_03923,1
CNAG_03924L,CNAG_03924,1
CNAG_03925L,CNAG_03925,2
CNAG_03934L,CNAG_03934,3
CNAG_03935L,CNAG_03935,1
CNAG_03938L,CNAG_03938,3
CNAG_03945L,CNAG_03945,1
CNAG_03948L,CNAG_03948,1
CNAG_03949L,CNAG_03949,1
CNAG_03955L,CNAG_03955,2
CNAG_03957L,CNAG_03957,1
CNAG_03958L,CNAG_03958,7
CNAG_03963L,CNAG_03963,2
CNAG_03966L,CNAG_03966,2
CNAG_03967L,CNAG_03967,2
CNAG_03968L,CNAG_03968,1
CNAG_03971L,CNAG_03971,7
CNAG_03973L,CNAG_03973,2
CNAG_03978L,CNAG_03978,3
CNAG_03980L,CNAG_03980,2
CNAG_03983L,CNAG_03983,4
CNAG_03984L,CNAG_03984,2
CNAG_03989L,CNAG_03989,1
CNAG_03990L,CNAG_03990,6
CNAG_03991L,CNAG_03991,3
CNAG_03992L,CNAG_03992,5
CNAG_03993L,CNAG_03993,1
CNAG_03994L,CNAG_03994,2
CNAG_03999L,CNAG_03999,1
CNAG_04003L,CNAG_04003,3
CNAG_04007L,CNAG_04007,3
CNAG_04008L,CNAG_04008,1
CNAG_04009L,CNAG_04009,4
CNAG_04013L,CNAG_04013,3
CNAG_04017L,CNAG_04017,1
CNAG_04030L,CNAG_04030,3
CNAG_04031L,CNAG_04031,4
CNAG_04033L,CNAG_04033,1
CNAG_04034L,CNAG_04034,2
CNAG_04036L,CNAG_04036,2
CNAG_04043L,CNAG_04043,1
CNAG_04045L,CNAG_04045,7
CNAG_04051L,CNAG_04051,5
CNAG_04053L,CNAG_04053,1
CNAG_04055L,CNAG_04055,3
CNAG_04056L,CNAG_04056,1
CNAG_04060L,CNAG_04060,2
CNAG_04063L,CNAG_04063,1
CNAG_04067L,CNAG_04067,6
CNAG_04073L,CNAG_04073,20
CNAG_04076L,CNAG_04076,5
CNAG_04081L,CNAG_04081,1
CNAG_04084L,CNAG_04084,2
CNAG_04089L,CNAG_04089,12
CNAG_04092L,CNAG_04092,3
CNAG_04096L,CNAG_04096,2
CNAG_04097L,CNAG_04097,4
CNAG_04111L,CNAG_04111,1
CNAG_04113L,CNAG_04113,3
CNAG_04116L,CNAG_04116,2
CNAG_04117L,CNAG_04117,2
CNAG_04119L,CNAG_04119,1
CNAG_04128L,CNAG_04128,6
CNAG_04129L,CNAG_04129,3
CNAG_04133L,CNAG_04133,3
CNAG_04138L,CNAG_04138,5
CNAG_04154L,CNAG_04154,12
CNAG_04155L,CNAG_04155,52
CNAG_04156L,CNAG_04156,3
CNAG_04160L,CNAG_04160,4
CNAG_04164L,CNAG_04164,3
CNAG_04165L,CNAG_04165,2
CNAG_04166L,CNAG_04166,4
CNAG_04170L,CNAG_04170,2
CNAG_04173L,CNAG_04173,1
CNAG_04174L,CNAG_04174,1
CNAG_04175L,CNAG_04175,1
CNAG_04176L,CNAG_04176,6
CNAG_04183L,CNAG_04183,2
CNAG_04188L,CNAG_04188,1
CNAG_04191L,CNAG_04191,1
CNAG_04195L,CNAG_04195,2
CNAG_04198L,CNAG_04198,3
CNAG_04199L,CNAG_04199,5
CNAG_04205L,CNAG_04205,4
CNAG_04206L,CNAG_04206,1
CNAG_04219L,CNAG_04219,10
CNAG_04222L,CNAG_04222,5
CNAG_04225L,CNAG_04225,6
CNAG_04232L,CNAG_04232,2
CNAG_04233L,CNAG_04233,1
CNAG_04234L,CNAG_04234,3
CNAG_04239L,CNAG_04239,3
CNAG_04240L,CNAG_04240,3
CNAG_04241L,CNAG_04241,5
CNAG_04244L,CNAG_04244,2
CNAG_04245L,CNAG_04245,1
CNAG_04248L,CNAG_04248,3
CNAG_04252L,CNAG_04252,2
CNAG_04256L,CNAG_04256,1
CNAG_04257L,CNAG_04257,5
CNAG_04262L,CNAG_04262,5
CNAG_04268L,CNAG_04268,1
CNAG_04273L,CNAG_04273,5
CNAG_04274L,CNAG_04274,3
CNAG_04275L,CNAG_04275,4
CNAG_04276L,CNAG_04276,2
CNAG_04277L,CNAG_04277,4
CNAG_04282L,CNAG_04282,28
CNAG_04293L,CNAG_04293,1
CNAG_04295L,CNAG_04295,3
CNAG_04296L,CNAG_04296,1
CNAG_04299L,CNAG_04299,4
CNAG_04301L,CNAG_04301,5
CNAG_04302L,CNAG_04302,1
CNAG_04305L,CNAG_04305,1
CNAG_04311L,CNAG_04311,8
CNAG_04313L,CNAG_04313,4
CNAG_04314L,CNAG_04314,2
CNAG_04315L,CNAG_04315,3
CNAG_04316L,CNAG_04316,1
CNAG_04317L,CNAG_04317,3
CNAG_04326L,CNAG_04326,2
CNAG_04329L,CNAG_04329,3
CNAG_04330L,CNAG_04330,4
CNAG_04331L,CNAG_04331,1
CNAG_04333L,CNAG_04333,7
CNAG_04337L,CNAG_04337,2
CNAG_04338L,CNAG_04338,2
CNAG_04340L,CNAG_04340,4
CNAG_04341L,CNAG_04341,4
CNAG_04342L,CNAG_04342,5
CNAG_04351L,CNAG_04351,2
CNAG_04353L,CNAG_04353,4
CNAG_04354L,CNAG_04354,9
CNAG_04357L,CNAG_04357,2
CNAG_04361L,CNAG_04361,2
CNAG_04363L,CNAG_04363,1
CNAG_04367L,CNAG_04367,1
CNAG_04369L,CNAG_04369,3
CNAG_04380L,CNAG_04380,1
CNAG_04383L,CNAG_04383,4
CNAG_04396L,CNAG_04396,2
CNAG_04403L,CNAG_04403,1
CNAG_04406L,CNAG_04406,6
CNAG_04410L,CNAG_04410,3
CNAG_04412L,CNAG_04412,1
CNAG_04413L,CNAG_04413,1
CNAG_04414L,CNAG_04414,2
CNAG_04437L,CNAG_04437,1
CNAG_04438L,CNAG_04438,4
CNAG_04443L,CNAG_04443,5
CNAG_04458L,CNAG_04458,2
CNAG_04459L,CNAG_04459,3
CNAG_04462L,CNAG_04462,6
CNAG_04473L,CNAG_04473,2
CNAG_04476L,CNAG_04476,4
CNAG_04478L,CNAG_04478,2
CNAG_04486L,CNAG_04486,4
CNAG_04493L,CNAG_04493,4
CNAG_04495L,CNAG_04495,1
CNAG_04502L,CNAG_04502,2
CNAG_04503L,CNAG_04503,5
CNAG_04508L,CNAG_04508,8
CNAG_04511L,CNAG_04511,5
CNAG_04512L,CNAG_04512,1
CNAG_04515L,CNAG_04515,1
CNAG_04516L,CNAG_04516,3
CNAG_04519L,CNAG_04519,2
CNAG_04521L,CNAG_04521,3
CNAG_04526L,CNAG_04526,5
CNAG_04527L,CNAG_04527,3
CNAG_04530L,CNAG_04530,3
CNAG_04531L,CNAG_04531,2
CNAG_04544L,CNAG_04544,3
CNAG_04552L,CNAG_04552,4
CNAG_04553L,CNAG_04553,22
CNAG_04556L,CNAG_04556,2
CNAG_04557L,CNAG_04557,14
CNAG_04558L,CNAG_04558,2
CNAG_04583L,CNAG_04583,3
CNAG_04589L,CNAG_04589,5
CNAG_04592L,CNAG_04592,3
CNAG_04595L,CNAG_04595,4
CNAG_04596L,CNAG_04596,2
CNAG_04606L,CNAG_04606,2
CNAG_04607L,CNAG_04607,1
CNAG_04610L,CNAG_04610,6
CNAG_04614L,CNAG_04614,3
CNAG_04615L,CNAG_04615,3
CNAG_04629L,CNAG_04629,4
CNAG_04636L,CNAG_04636,2
CNAG_04638L,CNAG_04638,2
CNAG_04651L,CNAG_04651,4
CNAG_04652L,CNAG_04652,5
CNAG_04653L,CNAG_04653,5
CNAG_04654L,CNAG_04654,4
CNAG_04679L,CNAG_04679,3
CNAG_04680L,CNAG_04680,5
CNAG_04686L,CNAG_04686,2
CNAG_04695L,CNAG_04695,1
CNAG_04707L,CNAG_04707,4
CNAG_04711L,CNAG_04711,2
CNAG_04712L,CNAG_04712,2
CNAG_04713L,CNAG_04713,3
CNAG_04714L,CNAG_04714,4
CNAG_04720L,CNAG_04720,6
CNAG_04727L,CNAG_04727,17
CNAG_04731L,CNAG_04731,2
CNAG_04732L,CNAG_04732,4
CNAG_04734L,CNAG_04734,2
CNAG_04744L,CNAG_04744,1
CNAG_04746L,CNAG_04746,6
CNAG_04747L,CNAG_04747,3
CNAG_04748L,CNAG_04748,2
CNAG_04749L,CNAG_04749,2
CNAG_04750L,CNAG_04750,2
CNAG_04751L,CNAG_04751,4
CNAG_04766L,CNAG_04766,17
CNAG_04767L,CNAG_04767,5
CNAG_04769L,CNAG_04769,3
CNAG_04775L,CNAG_04775,6
CNAG_04783L,CNAG_04783,6
CNAG_04784L,CNAG_04784,1
CNAG_04785L,CNAG_04785,2
CNAG_04789L,CNAG_04789,3
CNAG_04790L,CNAG_04790,3
CNAG_04795L,CNAG_04795,6
CNAG_04806L,CNAG_04806,3
CNAG_04810L,CNAG_04810,1
CNAG_04817L,CNAG_04817,3
CNAG_04818L,CNAG_04818,4
CNAG_04835L,CNAG_04835,4
CNAG_04843L,CNAG_04843,3
CNAG_04845L,CNAG_04845,6
CNAG_04850L,CNAG_04850,1
CNAG_04854L,CNAG_04854,3
CNAG_04855L,CNAG_04855,8
CNAG_04865L,CNAG_04865,1
CNAG_04866L,CNAG_04866,36
CNAG_04870L,CNAG_04870,2
CNAG_04873L,CNAG_04873,3
CNAG_04882L,CNAG_04882,2
CNAG_04890L,CNAG_04890,1
CNAG_04893L,CNAG_04893,4
CNAG_04894L,CNAG_04894,10
CNAG_04898L,CNAG_04898,1
CNAG_04899L,CNAG_04899,3
CNAG_04901L,CNAG_04901,5
CNAG_04902L,CNAG_04902,4
CNAG_04905L,CNAG_04905,4
CNAG_04912L,CNAG_04912,3
CNAG_04915L,CNAG_04915,2
CNAG_04919L,CNAG_04919,2
CNAG_04925L,CNAG_04925,4
CNAG_04931L,CNAG_04931,1
CNAG_04943L,CNAG_04943,2
CNAG_04946L,CNAG_04946,2
CNAG_04947L,CNAG_04947,3
CNAG_04948L,CNAG_04948,3
CNAG_04954L,CNAG_04954,4
CNAG_04960L,CNAG_04960,4
CNAG_04967L,CNAG_04967,4
CNAG_04968L,CNAG_04968,1
CNAG_04975L,CNAG_04975,3
CNAG_04977L,CNAG_04977,9
CNAG_04978L,CNAG_04978,2
CNAG_04979L,CNAG_04979,1
CNAG_04987L,CNAG_04987,5
CNAG_04993L,CNAG_04993,7
CNAG_04998L,CNAG_04998,3
CNAG_05000L,CNAG_05000,2
CNAG_05005L,CNAG_05005,4
CNAG_05010L,CNAG_05010,1
CNAG_05015L,CNAG_05015,3
CNAG_05018L,CNAG_05018,5
CNAG_05019L,CNAG_05019,5
CNAG_05020L,CNAG_05020,1
CNAG_05021L,CNAG_05021,2
CNAG_05022L,CNAG_05022,1
CNAG_05023L,CNAG_05023,3
CNAG_05024L,CNAG_05024,4
CNAG_05025L,CNAG_05025,2
CNAG_05030L,CNAG_05030,2
CNAG_05033L,CNAG_05033,3
CNAG_05034L,CNAG_05034,4
CNAG_05037L,CNAG_05037,105
CNAG_05040L,CNAG_05040,7
CNAG_05042L,CNAG_05042,4
CNAG_05043L,CNAG_05043,1
CNAG_05045L,CNAG_05045,1
CNAG_05056L,CNAG_05056,2
CNAG_05060L,CNAG_05060,1
CNAG_05062L,CNAG_05062,6
CNAG_05065L,CNAG_05065,3
CNAG_05069L,CNAG_05069,2
CNAG_05071L,CNAG_05071,1
CNAG_05072L,CNAG_05072,4
CNAG_05083L,CNAG_05083,3
CNAG_05084L,CNAG_05084,1
CNAG_05089L,CNAG_05089,5
CNAG_05090L,CNAG_05090,2
CNAG_05092L,CNAG_05092,3
CNAG_05095L,CNAG_05095,1
CNAG_05096L,CNAG_05096,4
CNAG_05097L,CNAG_05097,1
CNAG_05102L,CNAG_05102,3
CNAG_05104L,CNAG_05104,1
CNAG_05109L,CNAG_05109,1
CNAG_05116L,CNAG_05116,3
CNAG_05117L,CNAG_05117,4
CNAG_05120L,CNAG_05120,2
CNAG_05123L,CNAG_05123,1
CNAG_05129L,CNAG_05129,3
CNAG_05131L,CNAG_05131,2
CNAG_05135L,CNAG_05135,1
CNAG_05141L,CNAG_05141,4
CNAG_05146L,CNAG_05146,2
CNAG_05157L,CNAG_05157,10
CNAG_05158L,CNAG_05158,2
CNAG_05165L,CNAG_05165,1
CNAG_05168L,CNAG_05168,1
CNAG_05180L,CNAG_05180,3
CNAG_05184L,CNAG_05184,3
CNAG_05185L,CNAG_05185,4
CNAG_05186L,CNAG_05186,8
CNAG_05187L,CNAG_05187,3
CNAG_05188L,CNAG_05188,3
CNAG_05189L,CNAG_05189,4
CNAG_05200L,CNAG_05200,3
CNAG_05201L,CNAG_05201,2
CNAG_05202L,CNAG_05202,1
CNAG_05212L,CNAG_05212,2
CNAG_05218L,CNAG_05218,2
CNAG_05219L,CNAG_05219,1
CNAG_05220L,CNAG_05220,2
CNAG_05223L,CNAG_05223,6
CNAG_05224L,CNAG_05224,1
CNAG_05226L,CNAG_05226,1
CNAG_05231L,CNAG_05231,2
CNAG_05233L,CNAG_05233,1
CNAG_05234L,CNAG_05234,1
CNAG_05237L,CNAG_05237,4
CNAG_05244L,CNAG_05244,4
CNAG_05245L,CNAG_05245,2
CNAG_05247L,CNAG_05247,1
CNAG_05258L,CNAG_05258,2
CNAG_05266L,CNAG_05266,2
CNAG_05268L,CNAG_05268,6
CNAG_05272L,CNAG_05272,1
CNAG_05273L,CNAG_05273,1
CNAG_05282L,CNAG_05282,1
CNAG_05284L,CNAG_05284,6
CNAG_05285L,CNAG_05285,5
CNAG_05289L,CNAG_05289,3
CNAG_05294L,CNAG_05294,2
CNAG_05295L,CNAG_05295,2
CNAG_05297L,CNAG_05297,5
CNAG_05306L,CNAG_05306,2
CNAG_05317L,CNAG_05317,3
CNAG_05319L,CNAG_05319,4
CNAG_05331L,CNAG_05331,1
CNAG_05335L,CNAG_05335,5
CNAG_05338L,CNAG_05338,3
CNAG_05342L,CNAG_05342,2
CNAG_05356L,CNAG_05356,6
CNAG_05358L,CNAG_05358,6
CNAG_05364L,CNAG_05364,2
CNAG_05367L,CNAG_05367,1
CNAG_05374L,CNAG_05374,1
CNAG_05379L,CNAG_05379,1
CNAG_05383L,CNAG_05383,2
CNAG_05388L,CNAG_05388,2
CNAG_05389L,CNAG_05389,1
CNAG_05390L,CNAG_05390,1
CNAG_05410L,CNAG_05410,4
CNAG_05413L,CNAG_05413,1
CNAG_05421L,CNAG_05421,3
CNAG_05427L,CNAG_05427,1
CNAG_05434L,CNAG_05434,1
CNAG_05437L,CNAG_05437,2
CNAG_05439L,CNAG_05439,2
CNAG_05440L,CNAG_05440,1
CNAG_05441L,CNAG_05441,1
CNAG_05447L,CNAG_05447,3
CNAG_05462L,CNAG_05462,7
CNAG_05463L,CNAG_05463,2
CNAG_05464L,CNAG_05464,6
CNAG_05466L,CNAG_05466,2
CNAG_05468L,CNAG_05468,3
CNAG_05471L,CNAG_05471,3
CNAG_05482L,CNAG_05482,2
CNAG_05484L,CNAG_05484,2
CNAG_05499L,CNAG_05499,1
CNAG_05500L,CNAG_05500,2
CNAG_05511L,CNAG_05511,3
CNAG_05512L,CNAG_05512,1
CNAG_05514L,CNAG_05514,2
CNAG_05519L,CNAG_05519,3
CNAG_05521L,CNAG_05521,1
CNAG_05523L,CNAG_05523,2
CNAG_05530L,CNAG_05530,2
CNAG_05537L,CNAG_05537,2
CNAG_05544L,CNAG_05544,4
CNAG_05545L,CNAG_05545,2
CNAG_05551L,CNAG_05551,3
CNAG_05552L,CNAG_05552,1
CNAG_05556L,CNAG_05556,2
CNAG_05562L,CNAG_05562,1
CNAG_05564L,CNAG_05564,1
CNAG_05565L,CNAG_05565,2
CNAG_05566L,CNAG_05566,8
CNAG_05567L,CNAG_05567,6
CNAG_05572L,CNAG_05572,3
CNAG_05577L,CNAG_05577,10
CNAG_05579L,CNAG_05579,2
CNAG_05581L,CNAG_05581,2
CNAG_05582L,CNAG_05582,39
CNAG_05584L,CNAG_05584,1
CNAG_05585L,CNAG_05585,3
CNAG_05605L,CNAG_05605,5
CNAG_05607L,CNAG_05607,2
CNAG_05608L,CNAG_05608,3
CNAG_05612L,CNAG_05612,3
CNAG_05613L,CNAG_05613,1
CNAG_05616L,CNAG_05616,2
CNAG_05618L,CNAG_05618,1
CNAG_05620L,CNAG_05620,1
CNAG_05628L,CNAG_05628,2
CNAG_05643L,CNAG_05643,1
CNAG_05644L,CNAG_05644,1
CNAG_05645L,CNAG_05645,1
CNAG_05646L,CNAG_05646,3
CNAG_05649L,CNAG_05649,3
CNAG_05651L,CNAG_05651,1
CNAG_05656L,CNAG_05656,5
CNAG_05659L,CNAG_05659,3
CNAG_05665L,CNAG_05665,4
CNAG_05671L,CNAG_05671,2
CNAG_05672L,CNAG_05672,1
CNAG_05673L,CNAG_05673,1
CNAG_05682L,CNAG_05682,3
CNAG_05683L,CNAG_05683,3
CNAG_05687L,CNAG_05687,2
CNAG_05693L,CNAG_05693,2
CNAG_05702L,CNAG_05702,1
CNAG_05704L,CNAG_05704,2
CNAG_05707L,CNAG_05707,2
CNAG_05711L,CNAG_05711,2
CNAG_05717L,CNAG_05717,2
CNAG_05728L,CNAG_05728,2
CNAG_05729L,CNAG_05729,1
CNAG_05736L,CNAG_05736,1
CNAG_05746L,CNAG_05746,1
CNAG_05747L,CNAG_05747,1
CNAG_05748L,CNAG_05748,3
CNAG_05749L,CNAG_05749,5
CNAG_05752L,CNAG_05752,3
CNAG_05758L,CNAG_05758,2
CNAG_05765L,CNAG_05765,1
CNAG_05766L,CNAG_05766,4
CNAG_05769L,CNAG_05769,3
CNAG_05774L,CNAG_05774,8
CNAG_05786L,CNAG_05786,4
CNAG_05790L,CNAG_05790,2
CNAG_05795L,CNAG_05795,6
CNAG_05807L,CNAG_05807,2
CNAG_05818L,CNAG_05818,2
CNAG_05819L,CNAG_05819,1
CNAG_05822L,CNAG_05822,1
CNAG_05823L,CNAG_05823,1
CNAG_05831L,CNAG_05831,3
CNAG_05832L,CNAG_05832,1
CNAG_05837L,CNAG_05837,7
CNAG_05839L,CNAG_05839,1
CNAG_05846L,CNAG_05846,1
CNAG_05852L,CNAG_05852,2
CNAG_05858L,CNAG_05858,1
CNAG_05859L,CNAG_05859,7
CNAG_05866L,CNAG_05866,4
CNAG_05868L,CNAG_05868,8
CNAG_05869L,CNAG_05869,1
CNAG_05871L,CNAG_05871,2
CNAG_05874L,CNAG_05874,2
CNAG_05878L,CNAG_05878,1
CNAG_05879L,CNAG_05879,4
CNAG_05890L,CNAG_05890,3
CNAG_05891L,CNAG_05891,5
CNAG_05897L,CNAG_05897,5
CNAG_05903L,CNAG_05903,1
CNAG_05919L,CNAG_05919,5
CNAG_05924L,CNAG_05924,2
CNAG_05932L,CNAG_05932,2
CNAG_05937L,CNAG_05937,4
CNAG_05938L,CNAG_05938,2
CNAG_05941L,CNAG_05941,2
CNAG_05962L,CNAG_05962,1
CNAG_05963L,CNAG_05963,2
CNAG_05964L,CNAG_05964,4
CNAG_05965L,CNAG_05965,5
CNAG_05966L,CNAG_05966,1
CNAG_05967L,CNAG_05967,6
CNAG_05971L,CNAG_05971,4
CNAG_05972L,CNAG_05972,5
CNAG_05974L,CNAG_05974,5
CNAG_05977L,CNAG_05977,1
CNAG_05981L,CNAG_05981,1
CNAG_05982L,CNAG_05982,1
CNAG_05989L,CNAG_05989,1
CNAG_06006L,CNAG_06006,1
CNAG_06008L,CNAG_06008,1
CNAG_06015L,CNAG_06015,1
CNAG_06018L,CNAG_06018,2
CNAG_06019L,CNAG_06019,5
CNAG_06020L,CNAG_06020,3
CNAG_06022L,CNAG_06022,3
CNAG_06024L,CNAG_06024,1
CNAG_06026L,CNAG_06026,3
CNAG_06027L,CNAG_06027,8
CNAG_06035L,CNAG_06035,2
CNAG_06048L,CNAG_06048,1
CNAG_06050L,CNAG_06050,5
CNAG_06051L,CNAG_06051,6
CNAG_06062L,CNAG_06062,5
CNAG_06064L,CNAG_06064,3
CNAG_06065L,CNAG_06065,2
CNAG_06066L,CNAG_06066,2
CNAG_06071L,CNAG_06071,2
CNAG_06073L,CNAG_06073,2
CNAG_06074L,CNAG_06074,3
CNAG_06075L,CNAG_06075,6
CNAG_06080L,CNAG_06080,1
CNAG_06087L,CNAG_06087,16
CNAG_06088L,CNAG_06088,3
CNAG_06090L,CNAG_06090,2
CNAG_06094L,CNAG_06094,1
CNAG_06105L,CNAG_06105,2
CNAG_06106L,CNAG_06106,1
CNAG_06113L,CNAG_06113,1
CNAG_06114L,CNAG_06114,2
CNAG_06119L,CNAG_06119,2
CNAG_06121L,CNAG_06121,2
CNAG_06124L,CNAG_06124,1
CNAG_06131L,CNAG_06131,6
CNAG_06132L,CNAG_06132,2
CNAG_06133L,CNAG_06133,3
CNAG_06138L,CNAG_06138,3
CNAG_06139L,CNAG_06139,3
CNAG_06154L,CNAG_06154,1
CNAG_06156L,CNAG_06156,3
CNAG_06157L,CNAG_06157,2
CNAG_06158L,CNAG_06158,3
CNAG_06159L,CNAG_06159,1
CNAG_06164L,CNAG_06164,3
CNAG_06168L,CNAG_06168,1
CNAG_06170L,CNAG_06170,2
CNAG_06173L,CNAG_06173,3
CNAG_06174L,CNAG_06174,2
CNAG_06180L,CNAG_06180,3
CNAG_06184L,CNAG_06184,2
CNAG_06185L,CNAG_06185,2
CNAG_06189L,CNAG_06189,1
CNAG_06192L,CNAG_06192,4
CNAG_06194L,CNAG_06194,3
CNAG_06199L,CNAG_06199,4
CNAG_06209L,CNAG_06209,5
CNAG_06213L,CNAG_06213,9
CNAG_06215L,CNAG_06215,2
CNAG_06216L,CNAG_06216,11
CNAG_06217L,CNAG_06217,2
CNAG_06218L,CNAG_06218,4
CNAG_06219L,CNAG_06219,3
CNAG_06223L,CNAG_06223,1
CNAG_06227L,CNAG_06227,2
CNAG_06234L,CNAG_06234,10
CNAG_06237L,CNAG_06237,11
CNAG_06243L,CNAG_06243,5
CNAG_06244L,CNAG_06244,3
CNAG_06251L,CNAG_06251,2
CNAG_06252L,CNAG_06252,4
CNAG_06271L,CNAG_06271,1
CNAG_06272L,CNAG_06272,2
CNAG_06287L,CNAG_06287,1
CNAG_06293L,CNAG_06293,1
CNAG_06296L,CNAG_06296,2
CNAG_06300L,CNAG_06300,1
CNAG_06302L,CNAG_06302,5
CNAG_06307L,CNAG_06307,4
CNAG_06311L,CNAG_06311,4
CNAG_06312L,CNAG_06312,1
CNAG_06317L,CNAG_06317,1
CNAG_06319L,CNAG_06319,1
CNAG_06320L,CNAG_06320,1
CNAG_06321L,CNAG_06321,3
CNAG_06326L,CNAG_06326,1
CNAG_06328L,CNAG_06328,2
CNAG_06329L,CNAG_06329,1
CNAG_06330L,CNAG_06330,4
CNAG_06334L,CNAG_06334,3
CNAG_06337L,CNAG_06337,3
CNAG_06338L,CNAG_06338,4
CNAG_06342L,CNAG_06342,1
CNAG_06350L,CNAG_06350,2
CNAG_06354L,CNAG_06354,1
CNAG_06355L,CNAG_06355,3
CNAG_06356L,CNAG_06356,2
CNAG_06359L,CNAG_06359,3
CNAG_06360L,CNAG_06360,4
CNAG_06362L,CNAG_06362,1
CNAG_06365L,CNAG_06365,1
CNAG_06366L,CNAG_06366,3
CNAG_06375L,CNAG_06375,5
CNAG_06382L,CNAG_06382,3
CNAG_06385L,CNAG_06385,4
CNAG_06390L,CNAG_06390,3
CNAG_06392L,CNAG_06392,2
CNAG_06394L,CNAG_06394,5
CNAG_06395L,CNAG_06395,3
CNAG_06399L,CNAG_06399,6
CNAG_06406L,CNAG_06406,1
CNAG_06409L,CNAG_06409,2
CNAG_06413L,CNAG_06413,2
CNAG_06418L,CNAG_06418,4
CNAG_06423L,CNAG_06423,2
CNAG_06435L,CNAG_06435,1
CNAG_06436L,CNAG_06436,4
CNAG_06448L,CNAG_06448,2
CNAG_06449L,CNAG_06449,4
CNAG_06451L,CNAG_06451,1
CNAG_06466L,CNAG_06466,3
CNAG_06482L,CNAG_06482,1
CNAG_06483L,CNAG_06483,1
CNAG_06486L,CNAG_06486,1
CNAG_06491L,CNAG_06491,5
CNAG_06494L,CNAG_06494,2
CNAG_06503L,CNAG_06503,5
CNAG_06504L,CNAG_06504,1
CNAG_06505L,CNAG_06505,2
CNAG_06506L,CNAG_06506,4
CNAG_06507L,CNAG_06507,2
CNAG_06509L,CNAG_06509,3
CNAG_06511L,CNAG_06511,15
CNAG_06516L,CNAG_06516,1
CNAG_06518L,CNAG_06518,1
CNAG_06532L,CNAG_06532,1
CNAG_06543L,CNAG_06543,1
CNAG_06548L,CNAG_06548,3
CNAG_06551L,CNAG_06551,3
CNAG_06553L,CNAG_06553,4
CNAG_06556L,CNAG_06556,2
CNAG_06557L,CNAG_06557,11
CNAG_06562L,CNAG_06562,4
CNAG_06564L,CNAG_06564,1
CNAG_06565L,CNAG_06565,4
CNAG_06566L,CNAG_06566,2
CNAG_06569L,CNAG_06569,1
CNAG_06570L,CNAG_06570,3
CNAG_06587L,CNAG_06587,2
CNAG_06596L,CNAG_06596,1
CNAG_06597L,CNAG_06597,7
CNAG_06598L,CNAG_06598,1
CNAG_06604L,CNAG_06604,2
CNAG_06609L,CNAG_06609,6
CNAG_06622L,CNAG_06622,1
CNAG_06636L,CNAG_06636,1
CNAG_06639L,CNAG_06639,6
CNAG_06640L,CNAG_06640,5
CNAG_06643L,CNAG_06643,2
CNAG_06650L,CNAG_06650,1
CNAG_06651L,CNAG_06651,3
CNAG_06654L,CNAG_06654,2
CNAG_06659L,CNAG_06659,2
CNAG_06660L,CNAG_06660,11
CNAG_06661L,CNAG_06661,3
CNAG_06663L,CNAG_06663,1
CNAG_06664L,CNAG_06664,11
CNAG_06665L,CNAG_06665,3
CNAG_06667L,CNAG_06667,2
CNAG_06672L,CNAG_06672,1
CNAG_06686L,CNAG_06686,1
CNAG_06692L,CNAG_06692,6
CNAG_06695L,CNAG_06695,3
CNAG_06704L,CNAG_06704,2
CNAG_06705L,CNAG_06705,2
CNAG_06707L,CNAG_06707,4
CNAG_06708L,CNAG_06708,1
CNAG_06710L,CNAG_06710,1
CNAG_06718L,CNAG_06718,1
CNAG_06724L,CNAG_06724,4
CNAG_06731L,CNAG_06731,1
CNAG_06732L,CNAG_06732,4
CNAG_06733L,CNAG_06733,5
CNAG_06738L,CNAG_06738,2
CNAG_06743L,CNAG_06743,2
CNAG_06750L,CNAG_06750,4
CNAG_06757L,CNAG_06757,3
CNAG_06771L,CNAG_06771,1
CNAG_06778L,CNAG_06778,4
CNAG_06783L,CNAG_06783,3
CNAG_06786L,CNAG_06786,3
CNAG_06787L,CNAG_06787,1
CNAG_06791L,CNAG_06791,3
CNAG_06792L,CNAG_06792,1
CNAG_06793L,CNAG_06793,3
CNAG_06794L,CNAG_06794,2
CNAG_06795L,CNAG_06795,3
CNAG_06796L,CNAG_06796,1
CNAG_06799L,CNAG_06799,3
CNAG_06801L,CNAG_06801,7
CNAG_06804L,CNAG_06804,1
CNAG_06809L,CNAG_06809,2
CNAG_06810L,CNAG_06810,2
CNAG_06815L,CNAG_06815,3
CNAG_06816L,CNAG_06816,3
CNAG_06820L,CNAG_06820,1
CNAG_06822L,CNAG_06822,2
CNAG_06823L,CNAG_06823,1
CNAG_06839L,CNAG_06839,1
CNAG_06844L,CNAG_06844,2
CNAG_06846L,CNAG_06846,3
CNAG_06848L,CNAG_06848,3
CNAG_06853L,CNAG_06853,3
CNAG_06854L,CNAG_06854,2
CNAG_06866L,CNAG_06866,7
CNAG_06869L,CNAG_06869,2
CNAG_06872L,CNAG_06872,3
CNAG_06874L,CNAG_06874,1
CNAG_06875L,CNAG_06875,4
CNAG_06876L,CNAG_06876,4
CNAG_06884L,CNAG_06884,1
CNAG_06888L,CNAG_06888,1
CNAG_06891L,CNAG_06891,4
CNAG_06892L,CNAG_06892,2
CNAG_06894L,CNAG_06894,2
CNAG_06909L,CNAG_06909,2
CNAG_06910L,CNAG_06910,1
CNAG_06911L,CNAG_06911,3
CNAG_06915L,CNAG_06915,2
CNAG_06921L,CNAG_06921,1
CNAG_06935L,CNAG_06935,2
CNAG_06947L,CNAG_06947,1
CNAG_06949L,CNAG_06949,5
CNAG_06966L,CNAG_06966,1
CNAG_06971L,CNAG_06971,2
CNAG_06999L,CNAG_06999,5
CNAG_07008L,CNAG_07008,2
CNAG_07009L,CNAG_07009,4
CNAG_07015L,CNAG_07015,2
CNAG_07027L,CNAG_07027,1
CNAG_07029L,CNAG_07029,1
CNAG_07093L,CNAG_07093,4
CNAG_07164L,CNAG_07164,1
CNAG_07176L,CNAG_07176,3
CNAG_07203L,CNAG_07203,6
CNAG_07306L,CNAG_07306,1
CNAG_07307L,CNAG_07307,1
CNAG_07314L,CNAG_07314,5
CNAG_07316L,CNAG_07316,6
CNAG_07325L,CNAG_07325,3
CNAG_07326L,CNAG_07326,6
CNAG_07336L,CNAG_07336,2
CNAG_07337L,CNAG_07337,3
CNAG_07340L,CNAG_07340,3
CNAG_07350L,CNAG_07350,2
CNAG_07351L,CNAG_07351,3
CNAG_07352L,CNAG_07352,1
CNAG_07353L,CNAG_07353,2
CNAG_07359L,CNAG_07359,3
CNAG_07362L,CNAG_07362,1
CNAG_07365L,CNAG_07365,5
CNAG_07369L,CNAG_07369,3
CNAG_07375L,CNAG_07375,1275
CNAG_07376L,CNAG_07376,1
CNAG_07386L,CNAG_07386,624
CNAG_07391L,CNAG_07391,3
CNAG_07392L,CNAG_07392,3
CNAG_07396L,CNAG_07396,853
CNAG_07399L,CNAG_07399,621
CNAG_07403L,CNAG_07403,2
CNAG_07405L,CNAG_07405,683
CNAG_07408L,CNAG_07408,5
CNAG_07414L,CNAG_07414,1
CNAG_07417L,CNAG_07417,521
CNAG_07420L,CNAG_07420,648
CNAG_07423L,CNAG_07423,979
CNAG_07425L,CNAG_07425,594
CNAG_07431L,CNAG_07431,1012
CNAG_07432L,CNAG_07432,636
CNAG_07433L,CNAG_07433,3
CNAG_07446L,CNAG_07446,409
CNAG_07449L,CNAG_07449,978
CNAG_07450L,CNAG_07450,870
CNAG_07453L,CNAG_07453,30
CNAG_07455L,CNAG_07455,673
CNAG_07459L,CNAG_07459,395
CNAG_07462L,CNAG_07462,4
CNAG_07471L,CNAG_07471,820
CNAG_07472L,CNAG_07472,219
CNAG_07475L,CNAG_07475,1115
CNAG_07477L,CNAG_07477,619
CNAG_07478L,CNAG_07478,293
CNAG_07480L,CNAG_07480,118
CNAG_07482L,CNAG_07482,5
CNAG_07483L,CNAG_07483,6
CNAG_07485L,CNAG_07485,7
CNAG_07488L,CNAG_07488,231
CNAG_07499L,CNAG_07499,456
CNAG_07506L,CNAG_07506,5
CNAG_07507L,CNAG_07507,471
CNAG_07509L,CNAG_07509,148
CNAG_07515L,CNAG_07515,195
CNAG_07520L,CNAG_07520,343
CNAG_07521L,CNAG_07521,2
CNAG_07522L,CNAG_07522,237
CNAG_07526L,CNAG_07526,892
CNAG_07527L,CNAG_07527,184
CNAG_07528L,CNAG_07528,79
CNAG_07544L,CNAG_07544,582
CNAG_07545L,CNAG_07545,245
CNAG_07550L,CNAG_07550,650
CNAG_07553L,CNAG_07553,50
CNAG_07555L,CNAG_07555,5017
CNAG_07557L,CNAG_07557,1239
CNAG_07558L,CNAG_07558,156
CNAG_07559L,CNAG_07559,418
CNAG_07562L,CNAG_07562,4
CNAG_07564L,CNAG_07564,458
CNAG_07573L,CNAG_07573,639
CNAG_07576L,CNAG_07576,360
CNAG_07578L,CNAG_07578,322
CNAG_07580L,CNAG_07580,1026
CNAG_07588L,CNAG_07588,453
CNAG_07592L,CNAG_07592,1
CNAG_07593L,CNAG_07593,162
CNAG_07596L,CNAG_07596,826
CNAG_07600L,CNAG_07600,286
CNAG_07604L,CNAG_07604,562
CNAG_07607L,CNAG_07607,292
CNAG_07611L,CNAG_07611,522
CNAG_07618L,CNAG_07618,112
CNAG_07619L,CNAG_07619,190
CNAG_07624L,CNAG_07624,27
CNAG_07643L,CNAG_07643,299
CNAG_07645L,CNAG_07645,760
CNAG_07646L,CNAG_07646,989
CNAG_07648L,CNAG_07648,839
CNAG_07658L,CNAG_07658,729
CNAG_07671L,CNAG_07671,1123
CNAG_07679L,CNAG_07679,14
CNAG_07682L,CNAG_07682,7
CNAG_07683L,CNAG_07683,506
CNAG_07687L,CNAG_07687,34
CNAG_07691L,CNAG_07691,675
CNAG_07692L,CNAG_07692,189
CNAG_07695L,CNAG_07695,592
CNAG_07707L,CNAG_07707,377
CNAG_07708L,CNAG_07708,861
CNAG_07709L,CNAG_07709,149
CNAG_07712L,CNAG_07712,1226
CNAG_07713L,CNAG_07713,367
CNAG_07722L,CNAG_07722,305
CNAG_07727L,CNAG_07727,1036
CNAG_07730L,CNAG_07730,228
CNAG_07731L,CNAG_07731,895
CNAG_07732L,CNAG_07732,503
CNAG_07733L,CNAG_07733,3858
CNAG_07738L,CNAG_07738,701
CNAG_07741L,CNAG_07741,880
CNAG_07747L,CNAG_07747,1625
CNAG_07748L,CNAG_07748,7
CNAG_07757L,CNAG_07757,2
CNAG_07758L,CNAG_07758,59
CNAG_07762L,CNAG_07762,607
CNAG_07763L,CNAG_07763,4
CNAG_07764L,CNAG_07764,1
CNAG_07771L,CNAG_07771,3
CNAG_07775L,CNAG_07775,2
CNAG_07782L,CNAG_07782,8
CNAG_07795L,CNAG_07795,6
CNAG_07796L,CNAG_07796,7
CNAG_07801L,CNAG_07801,1672
CNAG_07803L,CNAG_07803,671
CNAG_07805L,CNAG_07805,452
CNAG_07806L,CNAG_07806,1
CNAG_07807L,CNAG_07807,1
CNAG_07808L,CNAG_07808,1510
CNAG_07809L,CNAG_07809,4
CNAG_07811L,CNAG_07811,531
CNAG_07815L,CNAG_07815,4
CNAG_07817L,CNAG_07817,354
CNAG_07818L,CNAG_07818,157
CNAG_07819L,CNAG_07819,868
CNAG_07823L,CNAG_07823,839
CNAG_07824L,CNAG_07824,209
CNAG_07826L,CNAG_07826,698
CNAG_07829L,CNAG_07829,488
CNAG_07831L,CNAG_07831,2020
CNAG_07837L,CNAG_07837,1055
CNAG_07841L,CNAG_07841,306
CNAG_07843L,CNAG_07843,681
CNAG_07848L,CNAG_07848,3
CNAG_07849L,CNAG_07849,1
CNAG_07850L,CNAG_07850,1022
CNAG_07852L,CNAG_07852,331
CNAG_07853L,CNAG_07853,498
CNAG_07854L,CNAG_07854,425
CNAG_07858L,CNAG_07858,927
CNAG_07859L,CNAG_07859,294
CNAG_07861L,CNAG_07861,803
CNAG_07870L,CNAG_07870,300
CNAG_07872L,CNAG_07872,972
CNAG_07879L,CNAG_07879,179
CNAG_07880L,CNAG_07880,302
CNAG_07886L,CNAG_07886,928
CNAG_07888L,CNAG_07888,95
CNAG_07889L,CNAG_07889,205
CNAG_07895L,CNAG_07895,1183
CNAG_07899L,CNAG_07899,1024
CNAG_07900L,CNAG_07900,330
CNAG_07913L,CNAG_07913,289
CNAG_07916L,CNAG_07916,419
CNAG_07927L,CNAG_07927,346
CNAG_07928L,CNAG_07928,504
CNAG_07930L,CNAG_07930,695
CNAG_07931L,CNAG_07931,167
CNAG_07934L,CNAG_07934,350
CNAG_07944L,CNAG_07944,752
